Store ID,Store Location,Country,Department,Product Category,Sales Amount,Units Sold,Customer Type,Transaction Date,Customer Satisfaction
109,London,UK,Grocery,Fresh Food,374,29,Member,2021-01-01,6
105,Edinburgh,UK,Electronics,Fresh Food,347,5,Non-member,2021-01-02,6
179,Birmingham,UK,Clothing,Home Appliances,311,67,Member,2021-01-03,7
188,London,UK,Clothing,Men's Wear,230,74,Member,2021-01-04,7
103,Sheffield,UK,Electronics,Fresh Food,339,95,Non-member,2021-01-05,2
133,Bristol,UK,Electronics,Fresh Food,171,75,Non-member,2021-01-06,9
182,Glasgow,UK,Electronics,Fresh Food,173,81,Non-member,2021-01-07,4
132,Bristol,UK,Clothing,Fresh Food,315,40,Member,2021-01-08,10
103,Liverpool,UK,Electronics,Home Appliances,77,72,Non-member,2021-01-09,9
143,Liverpool,UK,Electronics,Fresh Food,308,2,Non-member,2021-01-10,10
197,Newcastle,UK,Grocery,Fresh Food,126,68,Member,2021-01-11,3
175,Liverpool,UK,Clothing,Home Appliances,481,62,Non-member,2021-01-12,5
130,London,UK,Clothing,Men's Wear,416,80,Non-member,2021-01-13,5
179,Glasgow,UK,Electronics,Men's Wear,243,58,Member,2021-01-14,7
165,Birmingham,UK,Electronics,Home Appliances,431,85,Non-member,2021-01-15,4
157,London,UK,Grocery,Men's Wear,84,69,Member,2021-01-16,4
159,Glasgow,UK,Electronics,Men's Wear,485,58,Non-member,2021-01-17,1
101,Edinburgh,UK,Clothing,Home Appliances,163,35,Non-member,2021-01-18,6
135,Edinburgh,UK,Grocery,Fresh Food,111,14,Non-member,2021-01-19,4
169,Leeds,UK,Clothing,Home Appliances,101,15,Member,2021-01-20,10
159,Glasgow,UK,Electronics,Home Appliances,165,6,Non-member,2021-01-21,10
122,Birmingham,UK,Grocery,Home Appliances,96,16,Non-member,2021-01-22,5
146,Sheffield,UK,Clothing,Home Appliances,487,87,Non-member,2021-01-23,9
145,Bristol,UK,Clothing,Home Appliances,461,95,Non-member,2021-01-24,4
179,Leeds,UK,Clothing,Fresh Food,150,46,Member,2021-01-25,1
143,Newcastle,UK,Electronics,Men's Wear,328,63,Non-member,2021-01-26,9
118,Edinburgh,UK,Electronics,Home Appliances,156,12,Non-member,2021-01-27,5
148,Sheffield,UK,Electronics,Fresh Food,84,41,Non-member,2021-01-28,10
187,Sheffield,UK,Electronics,Home Appliances,408,19,Non-member,2021-01-29,7
157,Bristol,UK,Clothing,Fresh Food,424,76,Member,2021-01-30,3
190,Newcastle,UK,Grocery,Men's Wear,337,77,Member,2021-01-31,4
106,Manchester,UK,Electronics,Fresh Food,51,2,Member,2021-02-01,10
193,Bristol,UK,Grocery,Fresh Food,288,20,Non-member,2021-02-02,9
140,Glasgow,UK,Clothing,Men's Wear,417,95,Member,2021-02-03,10
177,London,UK,Electronics,Men's Wear,427,9,Member,2021-02-04,1
114,London,UK,Clothing,Fresh Food,321,21,Member,2021-02-05,5
175,Bristol,UK,Electronics,Home Appliances,193,8,Non-member,2021-02-06,8
152,Leeds,UK,Electronics,Home Appliances,484,39,Non-member,2021-02-07,10
192,London,UK,Grocery,Men's Wear,500,37,Member,2021-02-08,7
122,London,UK,Clothing,Home Appliances,141,29,Non-member,2021-02-09,4
176,Manchester,UK,Clothing,Men's Wear,270,83,Non-member,2021-02-10,7
172,Edinburgh,UK,Clothing,Fresh Food,103,35,Non-member,2021-02-11,1
187,Glasgow,UK,Grocery,Fresh Food,453,38,Member,2021-02-12,6
193,Birmingham,UK,Grocery,Home Appliances,277,90,Non-member,2021-02-13,9
164,Glasgow,UK,Clothing,Men's Wear,82,75,Non-member,2021-02-14,3
159,Sheffield,UK,Clothing,Home Appliances,263,35,Member,2021-02-15,4
109,Edinburgh,UK,Electronics,Home Appliances,185,68,Non-member,2021-02-16,8
157,Sheffield,UK,Electronics,Fresh Food,297,3,Non-member,2021-02-17,5
146,Bristol,UK,Grocery,Home Appliances,457,12,Member,2021-02-18,5
114,Edinburgh,UK,Electronics,Fresh Food,102,32,Member,2021-02-19,1
108,Newcastle,UK,Clothing,Men's Wear,113,47,Non-member,2021-02-20,6
112,Birmingham,UK,Clothing,Home Appliances,363,63,Non-member,2021-02-21,2
122,Newcastle,UK,Electronics,Fresh Food,423,26,Non-member,2021-02-22,1
132,Sheffield,UK,Electronics,Home Appliances,86,43,Member,2021-02-23,6
108,Sheffield,UK,Grocery,Men's Wear,261,77,Member,2021-02-24,5
102,Birmingham,UK,Electronics,Home Appliances,61,44,Non-member,2021-02-25,5
193,Sheffield,UK,Grocery,Home Appliances,133,38,Non-member,2021-02-26,9
172,Newcastle,UK,Electronics,Fresh Food,437,29,Non-member,2021-02-27,10
124,Bristol,UK,Electronics,Men's Wear,143,55,Non-member,2021-02-28,10
187,Edinburgh,UK,Electronics,Men's Wear,464,52,Member,2021-03-01,3
195,Edinburgh,UK,Electronics,Men's Wear,391,19,Non-member,2021-03-02,1
170,Bristol,UK,Clothing,Home Appliances,256,35,Member,2021-03-03,8
135,Birmingham,UK,Clothing,Fresh Food,87,48,Member,2021-03-04,5
188,Edinburgh,UK,Clothing,Home Appliances,470,91,Member,2021-03-05,5
119,Birmingham,UK,Electronics,Home Appliances,397,60,Non-member,2021-03-06,8
180,Leeds,UK,Grocery,Home Appliances,252,31,Member,2021-03-07,8
153,Leeds,UK,Electronics,Men's Wear,319,3,Member,2021-03-08,2
199,Glasgow,UK,Clothing,Fresh Food,124,35,Non-member,2021-03-09,3
189,Glasgow,UK,Grocery,Men's Wear,177,88,Non-member,2021-03-10,10
118,Edinburgh,UK,Grocery,Home Appliances,378,52,Member,2021-03-11,10
159,Leeds,UK,Clothing,Home Appliances,201,71,Non-member,2021-03-12,1
136,Leeds,UK,Electronics,Fresh Food,59,51,Member,2021-03-13,3
102,Sheffield,UK,Grocery,Men's Wear,87,56,Non-member,2021-03-14,4
191,Newcastle,UK,Grocery,Home Appliances,476,99,Member,2021-03-15,7
185,Sheffield,UK,Clothing,Home Appliances,154,21,Member,2021-03-16,9
118,Sheffield,UK,Grocery,Fresh Food,214,1,Non-member,2021-03-17,5
152,Glasgow,UK,Grocery,Home Appliances,475,53,Non-member,2021-03-18,1
145,London,UK,Grocery,Men's Wear,81,6,Non-member,2021-03-19,2
179,Liverpool,UK,Electronics,Men's Wear,261,98,Member,2021-03-20,10
155,Edinburgh,UK,Electronics,Home Appliances,63,82,Member,2021-03-21,2
169,Edinburgh,UK,Clothing,Home Appliances,279,62,Non-member,2021-03-22,9
130,Manchester,UK,Electronics,Home Appliances,181,89,Member,2021-03-23,10
152,Glasgow,UK,Grocery,Fresh Food,201,79,Non-member,2021-03-24,7
133,Birmingham,UK,Electronics,Fresh Food,145,47,Member,2021-03-25,2
130,Edinburgh,UK,Grocery,Men's Wear,59,96,Member,2021-03-26,1
159,Manchester,UK,Grocery,Men's Wear,423,50,Non-member,2021-03-27,5
110,Newcastle,UK,Electronics,Home Appliances,412,82,Non-member,2021-03-28,1
199,Liverpool,UK,Electronics,Home Appliances,65,31,Member,2021-03-29,9
105,Manchester,UK,Electronics,Home Appliances,216,64,Member,2021-03-30,3
126,Liverpool,UK,Electronics,Fresh Food,145,29,Member,2021-03-31,2
106,Bristol,UK,Clothing,Fresh Food,67,15,Member,2021-04-01,6
148,Bristol,UK,Electronics,Home Appliances,458,58,Non-member,2021-04-02,3
195,London,UK,Clothing,Home Appliances,56,23,Non-member,2021-04-03,5
171,London,UK,Grocery,Men's Wear,233,38,Non-member,2021-04-04,10
159,Birmingham,UK,Clothing,Fresh Food,431,41,Member,2021-04-05,8
132,Manchester,UK,Grocery,Home Appliances,294,75,Member,2021-04-06,10
146,Birmingham,UK,Clothing,Fresh Food,480,15,Member,2021-04-07,2
143,Liverpool,UK,Clothing,Home Appliances,420,87,Member,2021-04-08,5
178,Bristol,UK,Grocery,Home Appliances,416,3,Non-member,2021-04-09,8
126,Manchester,UK,Clothing,Men's Wear,131,83,Non-member,2021-04-10,1
193,Bristol,UK,Grocery,Men's Wear,180,1,Non-member,2021-04-11,10
121,Leeds,UK,Electronics,Men's Wear,178,88,Member,2021-04-12,10
146,Newcastle,UK,Grocery,Home Appliances,338,75,Non-member,2021-04-13,4
192,Newcastle,UK,Clothing,Men's Wear,123,94,Non-member,2021-04-14,5
147,Leeds,UK,Electronics,Home Appliances,413,11,Non-member,2021-04-15,10
129,Edinburgh,UK,Clothing,Fresh Food,108,60,Non-member,2021-04-16,3
101,Newcastle,UK,Electronics,Fresh Food,121,65,Member,2021-04-17,2
114,Glasgow,UK,Grocery,Home Appliances,209,76,Member,2021-04-18,3
146,Bristol,UK,Electronics,Men's Wear,136,4,Non-member,2021-04-19,5
126,Sheffield,UK,Electronics,Men's Wear,450,25,Non-member,2021-04-20,7
170,Bristol,UK,Electronics,Fresh Food,66,72,Non-member,2021-04-21,2
126,Bristol,UK,Clothing,Home Appliances,138,79,Non-member,2021-04-22,7
184,Birmingham,UK,Electronics,Home Appliances,198,43,Non-member,2021-04-23,6
112,Sheffield,UK,Grocery,Home Appliances,360,94,Member,2021-04-24,7
154,Sheffield,UK,Grocery,Fresh Food,55,40,Non-member,2021-04-25,7
116,Glasgow,UK,Grocery,Fresh Food,133,96,Non-member,2021-04-26,9
174,London,UK,Electronics,Men's Wear,482,99,Non-member,2021-04-27,7
158,Bristol,UK,Grocery,Home Appliances,133,85,Member,2021-04-28,6
109,London,UK,Clothing,Home Appliances,299,95,Member,2021-04-29,10
132,Edinburgh,UK,Grocery,Home Appliances,203,91,Member,2021-04-30,8
177,Liverpool,UK,Electronics,Home Appliances,465,44,Member,2021-05-01,7
136,Bristol,UK,Grocery,Fresh Food,121,72,Member,2021-05-02,6
107,Sheffield,UK,Electronics,Men's Wear,158,59,Non-member,2021-05-03,4
132,Sheffield,UK,Electronics,Fresh Food,161,23,Non-member,2021-05-04,7
106,Leeds,UK,Grocery,Men's Wear,221,62,Member,2021-05-05,8
133,Bristol,UK,Clothing,Home Appliances,236,23,Member,2021-05-06,8
170,Glasgow,UK,Clothing,Home Appliances,334,58,Member,2021-05-07,4
106,Sheffield,UK,Grocery,Home Appliances,322,55,Non-member,2021-05-08,10
140,Edinburgh,UK,Electronics,Home Appliances,67,33,Member,2021-05-09,9
199,Bristol,UK,Grocery,Home Appliances,217,77,Member,2021-05-10,3
154,Glasgow,UK,Electronics,Fresh Food,368,63,Member,2021-05-11,9
106,Bristol,UK,Electronics,Men's Wear,131,60,Non-member,2021-05-12,3
183,Sheffield,UK,Electronics,Fresh Food,124,99,Member,2021-05-13,7
117,Birmingham,UK,Clothing,Home Appliances,478,61,Non-member,2021-05-14,4
142,London,UK,Clothing,Men's Wear,384,80,Non-member,2021-05-15,5
177,Edinburgh,UK,Grocery,Men's Wear,395,76,Non-member,2021-05-16,3
139,Glasgow,UK,Clothing,Home Appliances,298,61,Non-member,2021-05-17,2
152,Bristol,UK,Electronics,Men's Wear,180,95,Non-member,2021-05-18,8
113,Birmingham,UK,Electronics,Fresh Food,436,69,Member,2021-05-19,7
120,Edinburgh,UK,Grocery,Fresh Food,471,89,Non-member,2021-05-20,7
156,Glasgow,UK,Electronics,Fresh Food,404,21,Non-member,2021-05-21,8
190,Birmingham,UK,Grocery,Fresh Food,250,3,Non-member,2021-05-22,1
145,Birmingham,UK,Grocery,Men's Wear,412,48,Member,2021-05-23,8
125,Bristol,UK,Electronics,Fresh Food,345,10,Non-member,2021-05-24,10
190,Manchester,UK,Clothing,Men's Wear,117,87,Non-member,2021-05-25,5
123,Edinburgh,UK,Electronics,Home Appliances,487,81,Non-member,2021-05-26,8
104,Bristol,UK,Electronics,Fresh Food,69,42,Member,2021-05-27,9
141,Bristol,UK,Grocery,Home Appliances,320,99,Non-member,2021-05-28,2
191,London,UK,Clothing,Fresh Food,142,89,Non-member,2021-05-29,3
142,Edinburgh,UK,Grocery,Home Appliances,182,66,Non-member,2021-05-30,6
131,Manchester,UK,Electronics,Home Appliances,344,91,Non-member,2021-05-31,9
187,Leeds,UK,Grocery,Home Appliances,345,46,Non-member,2021-06-01,10
105,Liverpool,UK,Grocery,Home Appliances,184,9,Non-member,2021-06-02,10
173,Birmingham,UK,Electronics,Home Appliances,401,49,Non-member,2021-06-03,8
166,Edinburgh,UK,Grocery,Men's Wear,405,4,Member,2021-06-04,6
106,Newcastle,UK,Electronics,Men's Wear,82,60,Member,2021-06-05,5
128,Bristol,UK,Grocery,Fresh Food,423,90,Member,2021-06-06,3
133,Glasgow,UK,Clothing,Men's Wear,342,96,Non-member,2021-06-07,4
106,Birmingham,UK,Electronics,Home Appliances,81,29,Member,2021-06-08,7
180,Edinburgh,UK,Clothing,Men's Wear,92,86,Non-member,2021-06-09,7
176,London,UK,Grocery,Men's Wear,496,47,Member,2021-06-10,3
157,Glasgow,UK,Clothing,Home Appliances,341,77,Member,2021-06-11,4
184,Glasgow,UK,Clothing,Men's Wear,403,87,Non-member,2021-06-12,3
130,London,UK,Clothing,Home Appliances,354,63,Non-member,2021-06-13,2
172,Newcastle,UK,Grocery,Men's Wear,330,31,Non-member,2021-06-14,6
144,Edinburgh,UK,Electronics,Home Appliances,157,51,Non-member,2021-06-15,7
146,London,UK,Grocery,Fresh Food,145,41,Non-member,2021-06-16,4
176,Sheffield,UK,Grocery,Men's Wear,115,36,Member,2021-06-17,5
180,Glasgow,UK,Grocery,Fresh Food,58,40,Non-member,2021-06-18,8
171,Birmingham,UK,Electronics,Home Appliances,279,95,Member,2021-06-19,9
172,Sheffield,UK,Grocery,Home Appliances,270,60,Member,2021-06-20,7
172,Birmingham,UK,Grocery,Fresh Food,407,15,Non-member,2021-06-21,10
139,Leeds,UK,Electronics,Home Appliances,451,78,Member,2021-06-22,1
129,Bristol,UK,Electronics,Home Appliances,327,99,Member,2021-06-23,3
161,Edinburgh,UK,Electronics,Home Appliances,148,88,Non-member,2021-06-24,5
170,Liverpool,UK,Clothing,Home Appliances,320,30,Non-member,2021-06-25,3
116,Liverpool,UK,Electronics,Home Appliances,312,30,Member,2021-06-26,1
104,Bristol,UK,Clothing,Home Appliances,446,27,Member,2021-06-27,2
180,Leeds,UK,Clothing,Home Appliances,411,40,Member,2021-06-28,8
100,London,UK,Grocery,Home Appliances,213,78,Non-member,2021-06-29,7
179,Edinburgh,UK,Clothing,Fresh Food,65,45,Non-member,2021-06-30,10
180,Manchester,UK,Grocery,Men's Wear,218,75,Non-member,2021-07-01,3
193,Sheffield,UK,Clothing,Home Appliances,70,47,Member,2021-07-02,4
130,Glasgow,UK,Electronics,Fresh Food,77,90,Non-member,2021-07-03,3
134,Bristol,UK,Grocery,Home Appliances,379,56,Non-member,2021-07-04,4
171,Liverpool,UK,Clothing,Men's Wear,132,54,Member,2021-07-05,8
129,Manchester,UK,Grocery,Home Appliances,322,85,Member,2021-07-06,9
184,Liverpool,UK,Electronics,Fresh Food,370,9,Member,2021-07-07,7
114,Leeds,UK,Clothing,Fresh Food,446,65,Non-member,2021-07-08,9
197,Manchester,UK,Clothing,Men's Wear,85,70,Non-member,2021-07-09,9
155,London,UK,Electronics,Home Appliances,363,1,Non-member,2021-07-10,7
159,Liverpool,UK,Clothing,Fresh Food,325,86,Non-member,2021-07-11,7
126,Sheffield,UK,Clothing,Men's Wear,282,13,Non-member,2021-07-12,8
101,London,UK,Grocery,Men's Wear,153,38,Non-member,2021-07-13,10
173,London,UK,Clothing,Home Appliances,485,45,Non-member,2021-07-14,3
163,Glasgow,UK,Electronics,Fresh Food,55,40,Member,2021-07-15,8
104,Leeds,UK,Clothing,Home Appliances,72,95,Non-member,2021-07-16,1
190,Manchester,UK,Grocery,Home Appliances,219,15,Non-member,2021-07-17,6
167,Manchester,UK,Clothing,Home Appliances,201,50,Member,2021-07-18,2
112,Liverpool,UK,Grocery,Fresh Food,293,2,Member,2021-07-19,7
180,Manchester,UK,Clothing,Men's Wear,290,53,Member,2021-07-20,3
184,Liverpool,UK,Grocery,Home Appliances,310,95,Member,2021-07-21,10
122,Sheffield,UK,Grocery,Home Appliances,465,26,Non-member,2021-07-22,5
196,Bristol,UK,Clothing,Fresh Food,95,66,Non-member,2021-07-23,10
149,Sheffield,UK,Electronics,Home Appliances,322,75,Member,2021-07-24,2
178,Liverpool,UK,Electronics,Men's Wear,124,33,Member,2021-07-25,1
177,Edinburgh,UK,Clothing,Home Appliances,332,82,Non-member,2021-07-26,5
172,Birmingham,UK,Clothing,Men's Wear,245,85,Member,2021-07-27,9
136,Liverpool,UK,Clothing,Home Appliances,72,59,Member,2021-07-28,9
129,Leeds,UK,Clothing,Home Appliances,136,95,Non-member,2021-07-29,7
192,Liverpool,UK,Clothing,Home Appliances,418,26,Member,2021-07-30,9
122,Birmingham,UK,Electronics,Men's Wear,170,94,Non-member,2021-07-31,4
133,London,UK,Grocery,Home Appliances,467,21,Member,2021-08-01,3
163,Birmingham,UK,Grocery,Home Appliances,198,49,Non-member,2021-08-02,4
154,Leeds,UK,Electronics,Home Appliances,199,80,Member,2021-08-03,7
170,Sheffield,UK,Electronics,Men's Wear,114,71,Non-member,2021-08-04,8
108,Liverpool,UK,Grocery,Home Appliances,209,86,Non-member,2021-08-05,2
103,London,UK,Electronics,Fresh Food,495,71,Member,2021-08-06,5
165,Edinburgh,UK,Clothing,Men's Wear,333,66,Member,2021-08-07,5
190,Bristol,UK,Electronics,Fresh Food,131,37,Member,2021-08-08,9
132,Glasgow,UK,Electronics,Home Appliances,56,14,Member,2021-08-09,3
131,Sheffield,UK,Electronics,Men's Wear,231,72,Member,2021-08-10,6
143,Sheffield,UK,Electronics,Men's Wear,407,93,Non-member,2021-08-11,10
136,Glasgow,UK,Grocery,Home Appliances,63,7,Non-member,2021-08-12,5
190,Liverpool,UK,Grocery,Fresh Food,232,38,Non-member,2021-08-13,2
191,Leeds,UK,Grocery,Men's Wear,363,45,Non-member,2021-08-14,2
166,Leeds,UK,Grocery,Men's Wear,93,22,Member,2021-08-15,4
159,Leeds,UK,Clothing,Men's Wear,223,44,Non-member,2021-08-16,4
158,Newcastle,UK,Clothing,Men's Wear,63,81,Non-member,2021-08-17,7
135,London,UK,Grocery,Men's Wear,349,80,Non-member,2021-08-18,1
148,Edinburgh,UK,Grocery,Home Appliances,474,97,Member,2021-08-19,6
150,Edinburgh,UK,Grocery,Men's Wear,122,35,Member,2021-08-20,9
107,Birmingham,UK,Electronics,Fresh Food,272,60,Non-member,2021-08-21,2
149,Newcastle,UK,Clothing,Men's Wear,51,96,Member,2021-08-22,5
140,Glasgow,UK,Clothing,Home Appliances,259,3,Non-member,2021-08-23,10
137,Manchester,UK,Electronics,Home Appliances,310,67,Member,2021-08-24,10
185,Liverpool,UK,Electronics,Fresh Food,139,72,Member,2021-08-25,4
177,Newcastle,UK,Electronics,Men's Wear,392,95,Member,2021-08-26,4
178,Leeds,UK,Clothing,Fresh Food,445,55,Non-member,2021-08-27,8
154,London,UK,Electronics,Fresh Food,383,9,Member,2021-08-28,6
167,Sheffield,UK,Electronics,Fresh Food,301,69,Non-member,2021-08-29,7
117,Glasgow,UK,Electronics,Fresh Food,432,28,Member,2021-08-30,9
164,Glasgow,UK,Grocery,Men's Wear,382,15,Non-member,2021-08-31,3
163,London,UK,Electronics,Home Appliances,404,91,Non-member,2021-09-01,2
111,Liverpool,UK,Grocery,Home Appliances,96,31,Non-member,2021-09-02,3
140,London,UK,Clothing,Men's Wear,384,59,Non-member,2021-09-03,8
141,Bristol,UK,Clothing,Fresh Food,212,82,Non-member,2021-09-04,9
159,Birmingham,UK,Clothing,Men's Wear,165,54,Non-member,2021-09-05,10
149,Manchester,UK,Grocery,Fresh Food,452,68,Member,2021-09-06,5
180,Newcastle,UK,Electronics,Fresh Food,128,85,Non-member,2021-09-07,8
182,Glasgow,UK,Clothing,Men's Wear,496,47,Member,2021-09-08,7
135,Bristol,UK,Electronics,Men's Wear,420,42,Non-member,2021-09-09,9
147,Sheffield,UK,Grocery,Fresh Food,57,23,Non-member,2021-09-10,4
170,Edinburgh,UK,Clothing,Fresh Food,72,86,Member,2021-09-11,10
172,Sheffield,UK,Electronics,Fresh Food,318,65,Non-member,2021-09-12,3
107,Glasgow,UK,Electronics,Fresh Food,328,89,Member,2021-09-13,9
124,Leeds,UK,Clothing,Men's Wear,80,54,Non-member,2021-09-14,8
106,Leeds,UK,Electronics,Home Appliances,463,92,Member,2021-09-15,7
107,Manchester,UK,Grocery,Home Appliances,219,11,Member,2021-09-16,1
187,Sheffield,UK,Clothing,Fresh Food,179,63,Non-member,2021-09-17,2
180,Sheffield,UK,Clothing,Home Appliances,444,22,Member,2021-09-18,9
175,Sheffield,UK,Clothing,Home Appliances,458,54,Member,2021-09-19,5
130,Liverpool,UK,Clothing,Home Appliances,206,89,Non-member,2021-09-20,1
111,Bristol,UK,Grocery,Home Appliances,71,85,Non-member,2021-09-21,9
156,Glasgow,UK,Grocery,Home Appliances,175,36,Non-member,2021-09-22,1
165,London,UK,Electronics,Home Appliances,452,58,Member,2021-09-23,8
111,Birmingham,UK,Grocery,Fresh Food,218,20,Member,2021-09-24,5
126,Edinburgh,UK,Electronics,Fresh Food,215,16,Member,2021-09-25,6
145,Glasgow,UK,Electronics,Fresh Food,206,92,Non-member,2021-09-26,1
106,Leeds,UK,Clothing,Men's Wear,379,56,Non-member,2021-09-27,2
160,Sheffield,UK,Electronics,Home Appliances,71,93,Member,2021-09-28,7
157,Newcastle,UK,Clothing,Home Appliances,313,50,Non-member,2021-09-29,2
157,Glasgow,UK,Electronics,Men's Wear,352,90,Non-member,2021-09-30,5
112,Newcastle,UK,Grocery,Home Appliances,439,66,Non-member,2021-10-01,9
152,Birmingham,UK,Clothing,Fresh Food,312,74,Non-member,2021-10-02,5
199,Edinburgh,UK,Electronics,Fresh Food,261,13,Non-member,2021-10-03,3
164,London,UK,Grocery,Men's Wear,213,15,Member,2021-10-04,6
148,Leeds,UK,Grocery,Fresh Food,185,73,Member,2021-10-05,7
134,Bristol,UK,Clothing,Men's Wear,301,27,Non-member,2021-10-06,10
193,Manchester,UK,Clothing,Fresh Food,254,8,Non-member,2021-10-07,10
194,London,UK,Clothing,Home Appliances,393,70,Member,2021-10-08,8
116,Liverpool,UK,Electronics,Fresh Food,351,50,Member,2021-10-09,3
171,Birmingham,UK,Clothing,Men's Wear,291,88,Member,2021-10-10,4
166,Liverpool,UK,Grocery,Home Appliances,369,67,Member,2021-10-11,10
109,London,UK,Grocery,Men's Wear,464,26,Member,2021-10-12,4
133,Manchester,UK,Clothing,Home Appliances,328,36,Non-member,2021-10-13,2
185,London,UK,Clothing,Home Appliances,110,21,Member,2021-10-14,7
103,Birmingham,UK,Grocery,Fresh Food,355,77,Member,2021-10-15,4
195,Liverpool,UK,Electronics,Fresh Food,351,52,Member,2021-10-16,4
128,London,UK,Grocery,Home Appliances,348,11,Member,2021-10-17,8
145,Sheffield,UK,Grocery,Fresh Food,443,8,Non-member,2021-10-18,6
174,Manchester,UK,Grocery,Fresh Food,144,57,Non-member,2021-10-19,6
145,Edinburgh,UK,Clothing,Men's Wear,197,46,Member,2021-10-20,9
176,Leeds,UK,Electronics,Fresh Food,449,78,Member,2021-10-21,4
158,Newcastle,UK,Electronics,Home Appliances,308,97,Non-member,2021-10-22,9
160,Liverpool,UK,Clothing,Fresh Food,79,2,Member,2021-10-23,1
167,Leeds,UK,Grocery,Home Appliances,67,64,Member,2021-10-24,9
165,Glasgow,UK,Clothing,Home Appliances,236,52,Non-member,2021-10-25,1
133,Manchester,UK,Clothing,Men's Wear,261,65,Non-member,2021-10-26,7
185,Manchester,UK,Electronics,Home Appliances,84,11,Member,2021-10-27,6
104,Sheffield,UK,Electronics,Home Appliances,196,6,Member,2021-10-28,7
108,Sheffield,UK,Clothing,Men's Wear,331,96,Non-member,2021-10-29,9
119,Birmingham,UK,Clothing,Home Appliances,84,79,Non-member,2021-10-30,10
120,Glasgow,UK,Electronics,Men's Wear,125,76,Non-member,2021-10-31,4
116,London,UK,Electronics,Home Appliances,121,64,Member,2021-11-01,9
111,Birmingham,UK,Grocery,Fresh Food,298,93,Member,2021-11-02,3
191,Newcastle,UK,Clothing,Men's Wear,106,55,Member,2021-11-03,10
181,Newcastle,UK,Grocery,Men's Wear,406,44,Non-member,2021-11-04,9
166,Liverpool,UK,Grocery,Home Appliances,354,86,Member,2021-11-05,1
104,Newcastle,UK,Grocery,Men's Wear,59,14,Non-member,2021-11-06,5
159,Edinburgh,UK,Electronics,Home Appliances,262,83,Member,2021-11-07,10
152,Newcastle,UK,Grocery,Men's Wear,410,5,Non-member,2021-11-08,5
151,London,UK,Electronics,Men's Wear,286,99,Member,2021-11-09,1
177,Birmingham,UK,Electronics,Fresh Food,283,25,Non-member,2021-11-10,1
147,London,UK,Electronics,Home Appliances,462,50,Non-member,2021-11-11,3
189,Manchester,UK,Clothing,Fresh Food,272,73,Non-member,2021-11-12,9
118,Liverpool,UK,Grocery,Men's Wear,153,71,Non-member,2021-11-13,7
116,Birmingham,UK,Electronics,Home Appliances,376,82,Member,2021-11-14,6
153,Sheffield,UK,Clothing,Fresh Food,147,2,Non-member,2021-11-15,9
167,Leeds,UK,Clothing,Men's Wear,275,10,Member,2021-11-16,4
134,Leeds,UK,Clothing,Fresh Food,271,2,Member,2021-11-17,4
187,Edinburgh,UK,Electronics,Men's Wear,373,60,Non-member,2021-11-18,3
140,Bristol,UK,Electronics,Men's Wear,383,45,Non-member,2021-11-19,5
112,Bristol,UK,Electronics,Home Appliances,329,8,Member,2021-11-20,5
132,Glasgow,UK,Clothing,Home Appliances,92,58,Member,2021-11-21,10
114,Newcastle,UK,Electronics,Home Appliances,400,7,Member,2021-11-22,7
162,Birmingham,UK,Grocery,Men's Wear,431,99,Member,2021-11-23,7
114,Manchester,UK,Electronics,Fresh Food,472,87,Member,2021-11-24,6
130,London,UK,Electronics,Home Appliances,397,72,Member,2021-11-25,4
127,Edinburgh,UK,Grocery,Home Appliances,202,21,Member,2021-11-26,7
109,Sheffield,UK,Electronics,Home Appliances,388,97,Non-member,2021-11-27,2
156,Liverpool,UK,Electronics,Home Appliances,339,47,Member,2021-11-28,9
170,Birmingham,UK,Electronics,Men's Wear,273,1,Member,2021-11-29,7
132,Manchester,UK,Electronics,Fresh Food,168,12,Non-member,2021-11-30,2
106,Manchester,UK,Clothing,Men's Wear,263,75,Member,2021-12-01,10
104,Liverpool,UK,Electronics,Men's Wear,102,48,Member,2021-12-02,2
189,London,UK,Grocery,Men's Wear,269,94,Non-member,2021-12-03,6
179,Sheffield,UK,Grocery,Home Appliances,488,4,Member,2021-12-04,7
156,Edinburgh,UK,Clothing,Fresh Food,292,34,Member,2021-12-05,9
171,Leeds,UK,Electronics,Men's Wear,102,87,Non-member,2021-12-06,4
185,Edinburgh,UK,Grocery,Men's Wear,451,32,Non-member,2021-12-07,8
197,Glasgow,UK,Clothing,Men's Wear,166,3,Member,2021-12-08,10
139,Manchester,UK,Electronics,Home Appliances,440,92,Non-member,2021-12-09,2
127,Glasgow,UK,Clothing,Home Appliances,496,68,Non-member,2021-12-10,6
135,Glasgow,UK,Electronics,Men's Wear,380,57,Member,2021-12-11,4
155,Edinburgh,UK,Clothing,Home Appliances,91,76,Non-member,2021-12-12,8
146,Glasgow,UK,Clothing,Fresh Food,444,24,Non-member,2021-12-13,9
170,Edinburgh,UK,Grocery,Home Appliances,296,33,Member,2021-12-14,2
139,Edinburgh,UK,Grocery,Men's Wear,442,3,Member,2021-12-15,7
158,Liverpool,UK,Clothing,Fresh Food,340,4,Non-member,2021-12-16,7
142,Leeds,UK,Electronics,Home Appliances,297,30,Non-member,2021-12-17,8
191,Newcastle,UK,Electronics,Men's Wear,150,70,Member,2021-12-18,5
165,Newcastle,UK,Electronics,Fresh Food,136,49,Member,2021-12-19,3
108,London,UK,Electronics,Fresh Food,402,30,Non-member,2021-12-20,1
105,Edinburgh,UK,Electronics,Fresh Food,498,72,Member,2021-12-21,4
164,London,UK,Grocery,Home Appliances,133,82,Member,2021-12-22,3
102,Edinburgh,UK,Clothing,Fresh Food,310,16,Non-member,2021-12-23,2
173,Sheffield,UK,Grocery,Home Appliances,270,53,Non-member,2021-12-24,6
136,Bristol,UK,Electronics,Men's Wear,203,6,Member,2021-12-25,7
186,Manchester,UK,Clothing,Home Appliances,100,24,Member,2021-12-26,10
132,Manchester,UK,Electronics,Home Appliances,87,92,Non-member,2021-12-27,7
108,Leeds,UK,Electronics,Men's Wear,308,96,Member,2021-12-28,8
152,Glasgow,UK,Clothing,Home Appliances,236,89,Non-member,2021-12-29,2
176,Leeds,UK,Electronics,Home Appliances,62,28,Member,2021-12-30,10
191,Newcastle,UK,Grocery,Men's Wear,272,21,Member,2021-12-31,6
150,Newcastle,UK,Grocery,Fresh Food,468,8,Member,2022-01-01,6
170,Leeds,UK,Grocery,Men's Wear,136,36,Non-member,2022-01-02,10
125,Newcastle,UK,Electronics,Fresh Food,308,9,Non-member,2022-01-03,1
115,Newcastle,UK,Grocery,Home Appliances,230,40,Member,2022-01-04,2
139,Leeds,UK,Electronics,Men's Wear,360,85,Member,2022-01-05,9
189,Leeds,UK,Electronics,Fresh Food,222,51,Non-member,2022-01-06,8
150,Liverpool,UK,Grocery,Home Appliances,371,1,Non-member,2022-01-07,4
138,London,UK,Grocery,Home Appliances,244,63,Member,2022-01-08,6
154,Glasgow,UK,Electronics,Home Appliances,389,68,Non-member,2022-01-09,2
195,Manchester,UK,Electronics,Fresh Food,294,74,Non-member,2022-01-10,5
135,London,UK,Electronics,Fresh Food,477,26,Member,2022-01-11,2
164,Sheffield,UK,Electronics,Fresh Food,378,40,Member,2022-01-12,5
184,Leeds,UK,Grocery,Home Appliances,417,3,Non-member,2022-01-13,7
176,London,UK,Electronics,Fresh Food,245,9,Non-member,2022-01-14,7
189,Bristol,UK,Electronics,Men's Wear,111,32,Member,2022-01-15,9
144,Bristol,UK,Electronics,Fresh Food,74,67,Non-member,2022-01-16,3
108,Birmingham,UK,Electronics,Fresh Food,101,4,Member,2022-01-17,4
136,Newcastle,UK,Electronics,Home Appliances,99,6,Member,2022-01-18,9
186,Sheffield,UK,Clothing,Men's Wear,427,73,Non-member,2022-01-19,8
100,Liverpool,UK,Clothing,Men's Wear,434,26,Member,2022-01-20,7
165,Edinburgh,UK,Clothing,Men's Wear,344,2,Member,2022-01-21,8
162,Edinburgh,UK,Grocery,Fresh Food,101,66,Member,2022-01-22,9
142,Edinburgh,UK,Electronics,Home Appliances,381,85,Member,2022-01-23,4
127,Birmingham,UK,Grocery,Fresh Food,89,86,Member,2022-01-24,5
199,London,UK,Electronics,Home Appliances,281,3,Non-member,2022-01-25,9
130,Manchester,UK,Clothing,Men's Wear,109,35,Member,2022-01-26,7
168,Manchester,UK,Electronics,Fresh Food,265,59,Member,2022-01-27,4
188,Leeds,UK,Grocery,Home Appliances,415,38,Member,2022-01-28,6
107,Liverpool,UK,Grocery,Fresh Food,389,33,Non-member,2022-01-29,1
133,Manchester,UK,Electronics,Home Appliances,246,15,Member,2022-01-30,1
148,Glasgow,UK,Grocery,Men's Wear,325,75,Member,2022-01-31,9
195,Bristol,UK,Clothing,Fresh Food,390,74,Member,2022-02-01,8
157,Newcastle,UK,Electronics,Men's Wear,51,14,Member,2022-02-02,1
174,Newcastle,UK,Clothing,Fresh Food,155,66,Non-member,2022-02-03,2
146,Manchester,UK,Clothing,Fresh Food,265,45,Non-member,2022-02-04,4
124,Leeds,UK,Grocery,Home Appliances,314,48,Member,2022-02-05,1
102,Birmingham,UK,Electronics,Home Appliances,216,44,Non-member,2022-02-06,2
144,Edinburgh,UK,Clothing,Home Appliances,296,37,Non-member,2022-02-07,5
151,Glasgow,UK,Clothing,Men's Wear,463,29,Non-member,2022-02-08,8
195,Glasgow,UK,Electronics,Men's Wear,487,99,Member,2022-02-09,6
198,Sheffield,UK,Grocery,Fresh Food,259,84,Member,2022-02-10,6
195,Liverpool,UK,Clothing,Home Appliances,107,85,Member,2022-02-11,4
133,Newcastle,UK,Electronics,Men's Wear,477,34,Member,2022-02-12,2
168,Leeds,UK,Electronics,Fresh Food,92,59,Member,2022-02-13,3
191,Birmingham,UK,Clothing,Men's Wear,187,43,Member,2022-02-14,6
191,Newcastle,UK,Clothing,Fresh Food,158,33,Non-member,2022-02-15,6
107,Sheffield,UK,Clothing,Home Appliances,97,19,Non-member,2022-02-16,5
126,Leeds,UK,Grocery,Fresh Food,175,8,Non-member,2022-02-17,6
179,London,UK,Grocery,Fresh Food,263,31,Non-member,2022-02-18,6
162,Birmingham,UK,Electronics,Home Appliances,450,11,Non-member,2022-02-19,1
181,Bristol,UK,Electronics,Home Appliances,177,8,Member,2022-02-20,6
124,Birmingham,UK,Clothing,Fresh Food,438,25,Member,2022-02-21,5
157,London,UK,Electronics,Men's Wear,247,20,Non-member,2022-02-22,8
147,Newcastle,UK,Grocery,Home Appliances,251,38,Member,2022-02-23,9
100,Bristol,UK,Electronics,Fresh Food,241,7,Member,2022-02-24,6
107,Leeds,UK,Electronics,Home Appliances,156,77,Member,2022-02-25,10
120,Edinburgh,UK,Clothing,Home Appliances,243,39,Member,2022-02-26,4
197,Leeds,UK,Clothing,Men's Wear,376,74,Member,2022-02-27,3
187,Sheffield,UK,Grocery,Home Appliances,287,72,Non-member,2022-02-28,10
189,Bristol,UK,Electronics,Fresh Food,181,20,Non-member,2022-03-01,1
177,Birmingham,UK,Electronics,Fresh Food,406,81,Non-member,2022-03-02,7
128,Liverpool,UK,Electronics,Home Appliances,132,11,Member,2022-03-03,5
129,London,UK,Clothing,Home Appliances,333,16,Member,2022-03-04,4
102,Bristol,UK,Grocery,Men's Wear,271,42,Member,2022-03-05,9
106,Edinburgh,UK,Electronics,Men's Wear,155,96,Member,2022-03-06,7
199,Manchester,UK,Electronics,Men's Wear,343,90,Non-member,2022-03-07,10
110,Bristol,UK,Electronics,Fresh Food,115,52,Member,2022-03-08,8
131,Sheffield,UK,Electronics,Men's Wear,244,37,Non-member,2022-03-09,4
158,Liverpool,UK,Grocery,Fresh Food,237,52,Non-member,2022-03-10,10
111,Manchester,UK,Grocery,Men's Wear,96,9,Non-member,2022-03-11,10
178,Bristol,UK,Grocery,Fresh Food,411,35,Non-member,2022-03-12,8
137,Bristol,UK,Clothing,Home Appliances,408,67,Member,2022-03-13,4
123,Leeds,UK,Electronics,Fresh Food,74,95,Member,2022-03-14,1
164,Glasgow,UK,Electronics,Home Appliances,115,7,Non-member,2022-03-15,8
117,Birmingham,UK,Electronics,Fresh Food,384,2,Member,2022-03-16,1
145,Glasgow,UK,Electronics,Fresh Food,116,25,Member,2022-03-17,3
155,Leeds,UK,Grocery,Home Appliances,246,76,Member,2022-03-18,7
162,Manchester,UK,Clothing,Fresh Food,295,94,Non-member,2022-03-19,3
106,Glasgow,UK,Clothing,Fresh Food,345,94,Non-member,2022-03-20,8
165,London,UK,Electronics,Men's Wear,149,93,Non-member,2022-03-21,5
139,London,UK,Grocery,Home Appliances,227,41,Non-member,2022-03-22,3
153,Bristol,UK,Clothing,Home Appliances,164,75,Non-member,2022-03-23,5
130,Birmingham,UK,Clothing,Men's Wear,217,52,Non-member,2022-03-24,5
196,Newcastle,UK,Electronics,Men's Wear,168,87,Non-member,2022-03-25,8
151,Bristol,UK,Clothing,Home Appliances,214,81,Member,2022-03-26,9
193,Bristol,UK,Electronics,Home Appliances,268,77,Non-member,2022-03-27,6
130,London,UK,Grocery,Home Appliances,246,97,Member,2022-03-28,10
133,London,UK,Electronics,Men's Wear,450,65,Non-member,2022-03-29,3
106,Manchester,UK,Clothing,Men's Wear,367,77,Member,2022-03-30,2
188,Manchester,UK,Electronics,Fresh Food,286,38,Member,2022-03-31,3
115,Leeds,UK,Electronics,Men's Wear,218,67,Member,2022-04-01,9
121,Glasgow,UK,Electronics,Fresh Food,125,80,Member,2022-04-02,7
199,Bristol,UK,Electronics,Fresh Food,475,42,Non-member,2022-04-03,9
152,Manchester,UK,Electronics,Men's Wear,336,71,Non-member,2022-04-04,6
190,Leeds,UK,Electronics,Men's Wear,82,54,Non-member,2022-04-05,8
116,Leeds,UK,Clothing,Men's Wear,348,67,Non-member,2022-04-06,10
103,Newcastle,UK,Electronics,Men's Wear,398,78,Non-member,2022-04-07,9
160,Glasgow,UK,Clothing,Home Appliances,279,64,Non-member,2022-04-08,3
198,Newcastle,UK,Electronics,Men's Wear,244,80,Non-member,2022-04-09,7
185,Manchester,UK,Grocery,Fresh Food,343,4,Non-member,2022-04-10,9
151,Liverpool,UK,Electronics,Fresh Food,346,31,Non-member,2022-04-11,2
134,Manchester,UK,Clothing,Home Appliances,423,13,Non-member,2022-04-12,7
143,Sheffield,UK,Clothing,Home Appliances,496,27,Non-member,2022-04-13,5
114,Liverpool,UK,Grocery,Men's Wear,473,59,Member,2022-04-14,8
160,Bristol,UK,Electronics,Home Appliances,463,65,Member,2022-04-15,4
143,Manchester,UK,Grocery,Men's Wear,480,64,Member,2022-04-16,1
120,Glasgow,UK,Electronics,Men's Wear,327,25,Member,2022-04-17,10
176,Leeds,UK,Electronics,Home Appliances,279,37,Member,2022-04-18,8
146,London,UK,Clothing,Home Appliances,145,75,Non-member,2022-04-19,6
174,Birmingham,UK,Grocery,Fresh Food,432,73,Non-member,2022-04-20,8
148,Liverpool,UK,Grocery,Home Appliances,488,71,Member,2022-04-21,3
152,Birmingham,UK,Clothing,Home Appliances,220,14,Non-member,2022-04-22,8
126,Sheffield,UK,Clothing,Home Appliances,366,94,Member,2022-04-23,8
130,Sheffield,UK,Grocery,Fresh Food,379,24,Non-member,2022-04-24,1
143,Edinburgh,UK,Clothing,Men's Wear,81,67,Non-member,2022-04-25,4
131,Bristol,UK,Electronics,Fresh Food,437,48,Member,2022-04-26,7
129,Glasgow,UK,Grocery,Home Appliances,94,91,Member,2022-04-27,1
117,Edinburgh,UK,Grocery,Home Appliances,121,65,Member,2022-04-28,3
162,Glasgow,UK,Clothing,Home Appliances,69,38,Non-member,2022-04-29,3
115,Bristol,UK,Electronics,Men's Wear,288,90,Member,2022-04-30,6
134,London,UK,Grocery,Fresh Food,248,70,Non-member,2022-05-01,5
161,Birmingham,UK,Grocery,Fresh Food,114,59,Non-member,2022-05-02,7
108,Leeds,UK,Electronics,Men's Wear,237,12,Non-member,2022-05-03,3
161,Edinburgh,UK,Clothing,Fresh Food,138,54,Non-member,2022-05-04,1
138,Sheffield,UK,Clothing,Men's Wear,459,51,Member,2022-05-05,3
150,Sheffield,UK,Clothing,Men's Wear,250,38,Member,2022-05-06,8
109,Leeds,UK,Clothing,Fresh Food,72,46,Member,2022-05-07,5
151,Sheffield,UK,Electronics,Fresh Food,345,99,Member,2022-05-08,3
111,Glasgow,UK,Electronics,Men's Wear,179,10,Non-member,2022-05-09,8
171,London,UK,Grocery,Fresh Food,203,9,Member,2022-05-10,6
161,London,UK,Grocery,Men's Wear,127,87,Member,2022-05-11,3
102,Glasgow,UK,Electronics,Fresh Food,239,94,Member,2022-05-12,5
182,Newcastle,UK,Grocery,Fresh Food,349,52,Member,2022-05-13,1
110,Glasgow,UK,Electronics,Fresh Food,464,51,Non-member,2022-05-14,6
107,Bristol,UK,Clothing,Fresh Food,203,22,Non-member,2022-05-15,9
189,Edinburgh,UK,Electronics,Fresh Food,162,73,Non-member,2022-05-16,7
122,Sheffield,UK,Electronics,Home Appliances,388,83,Non-member,2022-05-17,8
109,Glasgow,UK,Grocery,Home Appliances,166,72,Member,2022-05-18,6
117,Manchester,UK,Electronics,Fresh Food,54,68,Non-member,2022-05-19,5
175,Liverpool,UK,Clothing,Fresh Food,426,5,Member,2022-05-20,6
138,Manchester,UK,Clothing,Fresh Food,375,83,Member,2022-05-21,7
125,Sheffield,UK,Grocery,Men's Wear,84,82,Member,2022-05-22,9
110,London,UK,Grocery,Home Appliances,321,29,Member,2022-05-23,8
109,Bristol,UK,Electronics,Men's Wear,208,83,Non-member,2022-05-24,5
102,Bristol,UK,Grocery,Home Appliances,259,6,Non-member,2022-05-25,7
161,Bristol,UK,Clothing,Home Appliances,63,69,Member,2022-05-26,8
170,Liverpool,UK,Grocery,Fresh Food,74,58,Non-member,2022-05-27,1
160,Newcastle,UK,Grocery,Fresh Food,384,43,Non-member,2022-05-28,8
103,Leeds,UK,Clothing,Men's Wear,267,69,Member,2022-05-29,7
160,Manchester,UK,Electronics,Men's Wear,303,72,Member,2022-05-30,2
107,Leeds,UK,Electronics,Fresh Food,252,91,Non-member,2022-05-31,2
112,Edinburgh,UK,Grocery,Fresh Food,150,37,Member,2022-06-01,6
111,Glasgow,UK,Clothing,Home Appliances,410,58,Non-member,2022-06-02,3
134,Edinburgh,UK,Clothing,Home Appliances,278,37,Member,2022-06-03,1
153,London,UK,Clothing,Fresh Food,248,82,Member,2022-06-04,8
150,Manchester,UK,Electronics,Home Appliances,451,26,Member,2022-06-05,7
142,Edinburgh,UK,Clothing,Men's Wear,227,42,Member,2022-06-06,4
199,Newcastle,UK,Clothing,Home Appliances,325,16,Non-member,2022-06-07,1
165,Leeds,UK,Electronics,Fresh Food,361,22,Non-member,2022-06-08,2
114,Glasgow,UK,Clothing,Home Appliances,179,23,Non-member,2022-06-09,9
148,Sheffield,UK,Electronics,Fresh Food,459,47,Non-member,2022-06-10,4
133,Newcastle,UK,Grocery,Home Appliances,328,67,Member,2022-06-11,3
138,London,UK,Grocery,Men's Wear,337,3,Member,2022-06-12,8
125,Glasgow,UK,Grocery,Men's Wear,190,12,Non-member,2022-06-13,4
168,Glasgow,UK,Grocery,Fresh Food,62,23,Non-member,2022-06-14,7
147,Birmingham,UK,Grocery,Fresh Food,450,11,Non-member,2022-06-15,5
188,London,UK,Electronics,Fresh Food,266,52,Non-member,2022-06-16,5
150,Newcastle,UK,Electronics,Home Appliances,235,50,Non-member,2022-06-17,6
197,Newcastle,UK,Electronics,Home Appliances,76,57,Member,2022-06-18,4
103,Glasgow,UK,Clothing,Home Appliances,450,64,Non-member,2022-06-19,2
197,Sheffield,UK,Grocery,Men's Wear,267,46,Non-member,2022-06-20,6
126,Glasgow,UK,Clothing,Fresh Food,471,29,Member,2022-06-21,5
141,Edinburgh,UK,Clothing,Home Appliances,63,70,Member,2022-06-22,3
155,Glasgow,UK,Clothing,Men's Wear,191,46,Non-member,2022-06-23,4
192,Liverpool,UK,Grocery,Fresh Food,445,16,Non-member,2022-06-24,3
168,Leeds,UK,Clothing,Men's Wear,374,98,Non-member,2022-06-25,3
117,Sheffield,UK,Grocery,Fresh Food,373,51,Member,2022-06-26,4
160,Sheffield,UK,Grocery,Home Appliances,104,11,Non-member,2022-06-27,2
103,Edinburgh,UK,Grocery,Men's Wear,240,11,Non-member,2022-06-28,4
100,Manchester,UK,Clothing,Men's Wear,334,63,Member,2022-06-29,10
149,Liverpool,UK,Grocery,Men's Wear,138,53,Member,2022-06-30,2
183,Glasgow,UK,Grocery,Fresh Food,94,89,Member,2022-07-01,10
169,Bristol,UK,Electronics,Fresh Food,181,58,Member,2022-07-02,8
119,Glasgow,UK,Clothing,Men's Wear,449,19,Non-member,2022-07-03,10
119,Sheffield,UK,Electronics,Fresh Food,115,32,Member,2022-07-04,5
145,Bristol,UK,Electronics,Men's Wear,328,50,Member,2022-07-05,7
126,Glasgow,UK,Clothing,Home Appliances,373,72,Member,2022-07-06,4
125,Liverpool,UK,Electronics,Men's Wear,197,55,Non-member,2022-07-07,10
131,Glasgow,UK,Grocery,Men's Wear,194,76,Member,2022-07-08,6
109,Birmingham,UK,Electronics,Fresh Food,485,41,Non-member,2022-07-09,10
181,Newcastle,UK,Electronics,Fresh Food,55,99,Member,2022-07-10,4
111,Birmingham,UK,Grocery,Fresh Food,131,70,Non-member,2022-07-11,6
173,Birmingham,UK,Electronics,Home Appliances,172,21,Non-member,2022-07-12,1
187,Birmingham,UK,Grocery,Home Appliances,216,26,Non-member,2022-07-13,6
123,Glasgow,UK,Clothing,Home Appliances,286,1,Member,2022-07-14,6
150,Edinburgh,UK,Electronics,Fresh Food,154,81,Non-member,2022-07-15,2
137,Birmingham,UK,Clothing,Men's Wear,339,99,Member,2022-07-16,10
145,Sheffield,UK,Electronics,Men's Wear,287,27,Member,2022-07-17,10
188,Liverpool,UK,Grocery,Men's Wear,359,50,Non-member,2022-07-18,9
107,Manchester,UK,Electronics,Fresh Food,131,66,Member,2022-07-19,6
154,Birmingham,UK,Clothing,Fresh Food,143,65,Non-member,2022-07-20,7
177,Leeds,UK,Grocery,Home Appliances,370,10,Member,2022-07-21,2
130,Edinburgh,UK,Grocery,Fresh Food,392,95,Non-member,2022-07-22,2
187,Liverpool,UK,Clothing,Men's Wear,334,37,Member,2022-07-23,2
115,Leeds,UK,Clothing,Home Appliances,346,69,Non-member,2022-07-24,10
119,London,UK,Electronics,Home Appliances,410,41,Member,2022-07-25,9
137,Liverpool,UK,Electronics,Fresh Food,368,46,Member,2022-07-26,3
114,Edinburgh,UK,Grocery,Home Appliances,465,77,Non-member,2022-07-27,4
177,Birmingham,UK,Clothing,Home Appliances,115,45,Member,2022-07-28,1
175,Manchester,UK,Clothing,Fresh Food,161,88,Member,2022-07-29,1
133,Bristol,UK,Electronics,Home Appliances,405,27,Non-member,2022-07-30,4
171,Edinburgh,UK,Electronics,Men's Wear,478,65,Non-member,2022-07-31,2
118,Glasgow,UK,Grocery,Fresh Food,450,84,Non-member,2022-08-01,8
168,London,UK,Clothing,Men's Wear,220,8,Non-member,2022-08-02,4
190,Bristol,UK,Clothing,Men's Wear,296,67,Non-member,2022-08-03,3
162,London,UK,Clothing,Men's Wear,115,49,Member,2022-08-04,3
176,Leeds,UK,Clothing,Men's Wear,117,96,Non-member,2022-08-05,6
131,London,UK,Electronics,Home Appliances,83,89,Member,2022-08-06,6
194,Birmingham,UK,Electronics,Home Appliances,50,89,Member,2022-08-07,6
136,Newcastle,UK,Electronics,Fresh Food,200,14,Member,2022-08-08,6
165,Liverpool,UK,Grocery,Fresh Food,439,62,Member,2022-08-09,8
106,London,UK,Clothing,Men's Wear,321,43,Member,2022-08-10,8
147,London,UK,Electronics,Men's Wear,307,27,Non-member,2022-08-11,9
110,Newcastle,UK,Clothing,Fresh Food,287,96,Non-member,2022-08-12,1
174,Newcastle,UK,Electronics,Fresh Food,165,27,Non-member,2022-08-13,10
186,Liverpool,UK,Grocery,Fresh Food,125,68,Non-member,2022-08-14,8
130,Liverpool,UK,Electronics,Fresh Food,332,75,Non-member,2022-08-15,5
143,Edinburgh,UK,Grocery,Men's Wear,68,48,Non-member,2022-08-16,3
144,Manchester,UK,Clothing,Fresh Food,333,67,Member,2022-08-17,10
171,Manchester,UK,Electronics,Home Appliances,84,25,Non-member,2022-08-18,3
155,Sheffield,UK,Electronics,Men's Wear,420,64,Non-member,2022-08-19,6
131,Newcastle,UK,Electronics,Home Appliances,373,24,Non-member,2022-08-20,8
120,Bristol,UK,Clothing,Fresh Food,354,9,Non-member,2022-08-21,10
130,Bristol,UK,Grocery,Home Appliances,290,8,Non-member,2022-08-22,2
100,Birmingham,UK,Grocery,Fresh Food,56,95,Member,2022-08-23,9
176,Manchester,UK,Electronics,Home Appliances,86,59,Member,2022-08-24,5
110,Edinburgh,UK,Clothing,Men's Wear,420,17,Member,2022-08-25,5
192,Bristol,UK,Grocery,Home Appliances,202,43,Non-member,2022-08-26,1
167,Liverpool,UK,Grocery,Men's Wear,294,95,Non-member,2022-08-27,6
135,London,UK,Grocery,Home Appliances,299,68,Non-member,2022-08-28,5
178,London,UK,Grocery,Home Appliances,164,4,Member,2022-08-29,7
158,Liverpool,UK,Grocery,Men's Wear,90,8,Member,2022-08-30,7
166,Leeds,UK,Electronics,Men's Wear,386,42,Non-member,2022-08-31,4
155,Leeds,UK,Electronics,Fresh Food,111,49,Non-member,2022-09-01,5
150,London,UK,Electronics,Men's Wear,218,6,Member,2022-09-02,10
128,Birmingham,UK,Grocery,Men's Wear,191,73,Member,2022-09-03,8
184,Sheffield,UK,Grocery,Fresh Food,487,42,Member,2022-09-04,2
101,Edinburgh,UK,Grocery,Men's Wear,307,72,Non-member,2022-09-05,1
105,Bristol,UK,Electronics,Men's Wear,137,32,Member,2022-09-06,6
130,London,UK,Grocery,Home Appliances,97,15,Non-member,2022-09-07,4
153,Newcastle,UK,Electronics,Fresh Food,484,82,Non-member,2022-09-08,10
187,Liverpool,UK,Grocery,Fresh Food,360,87,Non-member,2022-09-09,3
139,Glasgow,UK,Electronics,Home Appliances,61,69,Member,2022-09-10,7
116,Sheffield,UK,Clothing,Fresh Food,260,27,Member,2022-09-11,8
104,London,UK,Grocery,Home Appliances,293,97,Member,2022-09-12,4
101,Manchester,UK,Grocery,Men's Wear,288,66,Member,2022-09-13,10
157,Birmingham,UK,Electronics,Fresh Food,246,59,Non-member,2022-09-14,6
111,Manchester,UK,Grocery,Men's Wear,306,28,Non-member,2022-09-15,2
104,Edinburgh,UK,Electronics,Fresh Food,284,24,Non-member,2022-09-16,8
159,Bristol,UK,Electronics,Men's Wear,236,51,Non-member,2022-09-17,6
140,London,UK,Clothing,Fresh Food,250,21,Member,2022-09-18,9
119,Glasgow,UK,Clothing,Fresh Food,152,31,Non-member,2022-09-19,6
171,Manchester,UK,Grocery,Men's Wear,339,75,Member,2022-09-20,6
100,Liverpool,UK,Grocery,Home Appliances,270,50,Non-member,2022-09-21,2
155,Newcastle,UK,Electronics,Fresh Food,417,92,Member,2022-09-22,5
169,Birmingham,UK,Electronics,Home Appliances,351,40,Non-member,2022-09-23,9
155,Glasgow,UK,Electronics,Home Appliances,236,68,Non-member,2022-09-24,1
153,Bristol,UK,Electronics,Home Appliances,499,16,Member,2022-09-25,4
110,Edinburgh,UK,Grocery,Home Appliances,452,76,Non-member,2022-09-26,10
102,Birmingham,UK,Clothing,Home Appliances,461,86,Member,2022-09-27,10
194,Birmingham,UK,Grocery,Home Appliances,148,99,Non-member,2022-09-28,3
127,Leeds,UK,Grocery,Fresh Food,473,63,Member,2022-09-29,1
104,Leeds,UK,Grocery,Home Appliances,294,56,Member,2022-09-30,1
189,Edinburgh,UK,Clothing,Fresh Food,362,80,Member,2022-10-01,1
115,Leeds,UK,Grocery,Fresh Food,356,24,Member,2022-10-02,1
130,Glasgow,UK,Clothing,Fresh Food,71,99,Non-member,2022-10-03,2
127,Glasgow,UK,Electronics,Men's Wear,117,28,Member,2022-10-04,5
106,Sheffield,UK,Grocery,Home Appliances,441,93,Member,2022-10-05,2
108,Bristol,UK,Electronics,Men's Wear,365,85,Member,2022-10-06,4
138,Edinburgh,UK,Electronics,Home Appliances,114,89,Member,2022-10-07,9
198,Newcastle,UK,Electronics,Men's Wear,341,31,Non-member,2022-10-08,3
142,Glasgow,UK,Grocery,Fresh Food,266,15,Member,2022-10-09,2
126,Sheffield,UK,Electronics,Men's Wear,78,42,Non-member,2022-10-10,4
175,Newcastle,UK,Grocery,Fresh Food,242,99,Non-member,2022-10-11,9
188,Manchester,UK,Electronics,Men's Wear,105,50,Member,2022-10-12,4
192,Edinburgh,UK,Grocery,Home Appliances,387,86,Member,2022-10-13,5
194,Newcastle,UK,Grocery,Home Appliances,437,5,Member,2022-10-14,4
197,Manchester,UK,Grocery,Men's Wear,261,48,Member,2022-10-15,8
132,Newcastle,UK,Electronics,Men's Wear,287,13,Non-member,2022-10-16,4
190,Manchester,UK,Grocery,Home Appliances,249,32,Non-member,2022-10-17,2
155,Birmingham,UK,Electronics,Men's Wear,227,67,Member,2022-10-18,4
101,Bristol,UK,Clothing,Men's Wear,472,79,Member,2022-10-19,2
113,Glasgow,UK,Electronics,Home Appliances,468,91,Non-member,2022-10-20,9
112,Birmingham,UK,Electronics,Fresh Food,202,91,Non-member,2022-10-21,8
123,Leeds,UK,Grocery,Home Appliances,93,30,Member,2022-10-22,9
168,Glasgow,UK,Electronics,Home Appliances,480,6,Member,2022-10-23,4
133,Bristol,UK,Clothing,Men's Wear,217,25,Member,2022-10-24,1
186,Manchester,UK,Grocery,Home Appliances,336,28,Member,2022-10-25,3
118,Leeds,UK,Electronics,Home Appliances,246,62,Member,2022-10-26,7
129,Leeds,UK,Electronics,Men's Wear,386,22,Member,2022-10-27,1
148,Glasgow,UK,Grocery,Men's Wear,123,68,Non-member,2022-10-28,8
142,Manchester,UK,Grocery,Fresh Food,220,15,Non-member,2022-10-29,9
115,London,UK,Electronics,Home Appliances,429,26,Non-member,2022-10-30,8
151,Liverpool,UK,Electronics,Fresh Food,232,63,Non-member,2022-10-31,5
197,Liverpool,UK,Grocery,Fresh Food,65,18,Member,2022-11-01,9
148,London,UK,Grocery,Fresh Food,117,73,Member,2022-11-02,4
110,Edinburgh,UK,Clothing,Fresh Food,424,63,Non-member,2022-11-03,9
177,Bristol,UK,Clothing,Home Appliances,374,62,Member,2022-11-04,1
146,Manchester,UK,Clothing,Home Appliances,91,68,Member,2022-11-05,3
178,Glasgow,UK,Grocery,Home Appliances,159,48,Member,2022-11-06,4
134,Bristol,UK,Grocery,Fresh Food,90,50,Non-member,2022-11-07,10
170,Bristol,UK,Grocery,Men's Wear,355,63,Non-member,2022-11-08,1
128,London,UK,Electronics,Home Appliances,55,69,Non-member,2022-11-09,6
153,Glasgow,UK,Grocery,Fresh Food,380,6,Non-member,2022-11-10,4
185,Edinburgh,UK,Electronics,Fresh Food,230,58,Non-member,2022-11-11,4
122,Glasgow,UK,Grocery,Fresh Food,322,51,Non-member,2022-11-12,1
123,Manchester,UK,Grocery,Fresh Food,410,12,Non-member,2022-11-13,5
198,Edinburgh,UK,Electronics,Fresh Food,234,95,Member,2022-11-14,9
109,Glasgow,UK,Grocery,Fresh Food,372,47,Non-member,2022-11-15,6
160,Manchester,UK,Grocery,Home Appliances,193,9,Member,2022-11-16,8
107,Manchester,UK,Grocery,Men's Wear,485,7,Member,2022-11-17,4
147,Newcastle,UK,Clothing,Home Appliances,149,29,Non-member,2022-11-18,9
175,Birmingham,UK,Grocery,Home Appliances,139,78,Member,2022-11-19,7
192,Birmingham,UK,Electronics,Fresh Food,295,51,Member,2022-11-20,7
128,Bristol,UK,Electronics,Home Appliances,288,84,Non-member,2022-11-21,8
186,Edinburgh,UK,Electronics,Men's Wear,467,55,Member,2022-11-22,2
125,Sheffield,UK,Grocery,Men's Wear,261,96,Non-member,2022-11-23,6
136,Bristol,UK,Electronics,Fresh Food,130,59,Member,2022-11-24,7
195,Sheffield,UK,Clothing,Men's Wear,164,56,Member,2022-11-25,3
151,Glasgow,UK,Electronics,Fresh Food,325,22,Member,2022-11-26,8
137,Manchester,UK,Grocery,Men's Wear,129,18,Member,2022-11-27,1
105,Newcastle,UK,Clothing,Men's Wear,105,58,Non-member,2022-11-28,1
107,Sheffield,UK,Electronics,Home Appliances,228,40,Non-member,2022-11-29,10
116,Liverpool,UK,Clothing,Men's Wear,358,89,Non-member,2022-11-30,3
175,Sheffield,UK,Electronics,Fresh Food,98,31,Member,2022-12-01,6
161,Sheffield,UK,Grocery,Men's Wear,309,56,Member,2022-12-02,7
185,Edinburgh,UK,Clothing,Men's Wear,323,35,Member,2022-12-03,2
177,Birmingham,UK,Electronics,Home Appliances,341,26,Member,2022-12-04,6
133,Newcastle,UK,Electronics,Fresh Food,422,68,Non-member,2022-12-05,5
118,Leeds,UK,Clothing,Fresh Food,340,84,Member,2022-12-06,6
169,Edinburgh,UK,Clothing,Fresh Food,79,34,Non-member,2022-12-07,1
181,Liverpool,UK,Clothing,Home Appliances,423,76,Member,2022-12-08,10
199,Manchester,UK,Clothing,Men's Wear,301,16,Member,2022-12-09,7
136,Edinburgh,UK,Electronics,Fresh Food,112,42,Non-member,2022-12-10,8
137,London,UK,Electronics,Men's Wear,131,5,Non-member,2022-12-11,7
114,Bristol,UK,Electronics,Men's Wear,454,61,Non-member,2022-12-12,9
139,Edinburgh,UK,Grocery,Men's Wear,485,44,Non-member,2022-12-13,1
108,Birmingham,UK,Clothing,Home Appliances,374,35,Member,2022-12-14,10
152,Birmingham,UK,Electronics,Men's Wear,430,91,Non-member,2022-12-15,9
169,Birmingham,UK,Clothing,Home Appliances,218,1,Non-member,2022-12-16,3
165,Edinburgh,UK,Clothing,Home Appliances,359,98,Member,2022-12-17,2
179,Birmingham,UK,Electronics,Home Appliances,392,43,Member,2022-12-18,6
151,Manchester,UK,Clothing,Fresh Food,207,32,Member,2022-12-19,5
100,Sheffield,UK,Clothing,Home Appliances,105,63,Member,2022-12-20,4
129,Edinburgh,UK,Clothing,Fresh Food,384,33,Non-member,2022-12-21,4
196,Birmingham,UK,Clothing,Home Appliances,474,95,Non-member,2022-12-22,8
100,London,UK,Clothing,Home Appliances,191,77,Member,2022-12-23,10
138,Edinburgh,UK,Electronics,Home Appliances,198,66,Non-member,2022-12-24,3
115,Glasgow,UK,Electronics,Home Appliances,425,30,Non-member,2022-12-25,1
116,Sheffield,UK,Clothing,Men's Wear,275,10,Member,2022-12-26,5
181,Sheffield,UK,Clothing,Men's Wear,74,23,Non-member,2022-12-27,8
121,Edinburgh,UK,Clothing,Home Appliances,227,97,Non-member,2022-12-28,3
185,Glasgow,UK,Grocery,Men's Wear,414,39,Member,2022-12-29,2
198,Manchester,UK,Clothing,Fresh Food,144,45,Non-member,2022-12-30,1
130,Edinburgh,UK,Grocery,Men's Wear,102,29,Non-member,2022-12-31,4
139,Glasgow,UK,Grocery,Men's Wear,353,30,Member,2023-01-01,2
126,Birmingham,UK,Grocery,Men's Wear,119,34,Non-member,2023-01-02,8
135,Birmingham,UK,Electronics,Home Appliances,225,52,Member,2023-01-03,10
103,Birmingham,UK,Grocery,Fresh Food,181,81,Member,2023-01-04,9
168,London,UK,Clothing,Home Appliances,457,22,Member,2023-01-05,10
124,Edinburgh,UK,Clothing,Fresh Food,464,5,Member,2023-01-06,1
194,Bristol,UK,Electronics,Home Appliances,388,11,Member,2023-01-07,2
177,Edinburgh,UK,Electronics,Men's Wear,462,86,Member,2023-01-08,6
129,Bristol,UK,Clothing,Fresh Food,438,32,Non-member,2023-01-09,10
146,Manchester,UK,Electronics,Men's Wear,387,24,Member,2023-01-10,7
111,Sheffield,UK,Electronics,Fresh Food,500,11,Non-member,2023-01-11,2
126,Liverpool,UK,Grocery,Fresh Food,409,11,Member,2023-01-12,8
144,Bristol,UK,Grocery,Home Appliances,380,17,Member,2023-01-13,10
187,Bristol,UK,Electronics,Home Appliances,262,32,Member,2023-01-14,9
162,Liverpool,UK,Clothing,Men's Wear,260,83,Non-member,2023-01-15,8
154,Birmingham,UK,Grocery,Men's Wear,486,27,Non-member,2023-01-16,9
129,Bristol,UK,Clothing,Fresh Food,394,32,Member,2023-01-17,6
181,Glasgow,UK,Electronics,Fresh Food,113,61,Non-member,2023-01-18,7
113,Liverpool,UK,Clothing,Home Appliances,84,25,Member,2023-01-19,6
155,Sheffield,UK,Clothing,Home Appliances,61,64,Member,2023-01-20,7
118,Bristol,UK,Clothing,Home Appliances,480,64,Non-member,2023-01-21,3
185,Edinburgh,UK,Clothing,Home Appliances,395,28,Member,2023-01-22,4
125,Birmingham,UK,Electronics,Home Appliances,360,40,Member,2023-01-23,9
170,Leeds,UK,Electronics,Fresh Food,297,91,Non-member,2023-01-24,3
191,London,UK,Grocery,Fresh Food,161,14,Member,2023-01-25,2
137,Sheffield,UK,Grocery,Men's Wear,374,42,Member,2023-01-26,7
168,Leeds,UK,Grocery,Fresh Food,140,39,Non-member,2023-01-27,6
135,Bristol,UK,Grocery,Home Appliances,343,2,Non-member,2023-01-28,3
117,Glasgow,UK,Clothing,Fresh Food,78,81,Member,2023-01-29,6
156,Liverpool,UK,Grocery,Fresh Food,61,1,Member,2023-01-30,7
177,Glasgow,UK,Grocery,Fresh Food,196,32,Non-member,2023-01-31,6
122,Sheffield,UK,Clothing,Men's Wear,186,83,Non-member,2023-02-01,1
113,Leeds,UK,Electronics,Men's Wear,387,64,Member,2023-02-02,1
195,Manchester,UK,Grocery,Fresh Food,206,78,Non-member,2023-02-03,9
168,London,UK,Electronics,Fresh Food,308,31,Non-member,2023-02-04,6
121,Newcastle,UK,Grocery,Home Appliances,136,58,Non-member,2023-02-05,2
127,Sheffield,UK,Electronics,Men's Wear,207,82,Member,2023-02-06,1
142,Bristol,UK,Grocery,Home Appliances,235,78,Member,2023-02-07,2
175,Sheffield,UK,Electronics,Home Appliances,393,14,Member,2023-02-08,8
117,Edinburgh,UK,Electronics,Fresh Food,358,88,Member,2023-02-09,5
199,Bristol,UK,Grocery,Fresh Food,406,69,Member,2023-02-10,7
194,Glasgow,UK,Electronics,Fresh Food,278,16,Non-member,2023-02-11,7
176,Leeds,UK,Grocery,Home Appliances,53,69,Non-member,2023-02-12,2
183,London,UK,Grocery,Home Appliances,106,54,Non-member,2023-02-13,4
135,London,UK,Clothing,Home Appliances,487,13,Member,2023-02-14,2
106,Glasgow,UK,Grocery,Fresh Food,77,80,Member,2023-02-15,7
122,Leeds,UK,Grocery,Fresh Food,65,79,Non-member,2023-02-16,5
133,Manchester,UK,Grocery,Fresh Food,62,31,Non-member,2023-02-17,1
195,Birmingham,UK,Grocery,Home Appliances,249,69,Non-member,2023-02-18,2
120,London,UK,Clothing,Home Appliances,233,21,Non-member,2023-02-19,6
169,Sheffield,UK,Clothing,Men's Wear,358,30,Member,2023-02-20,4
179,Sheffield,UK,Clothing,Fresh Food,353,23,Member,2023-02-21,7
198,Birmingham,UK,Clothing,Home Appliances,330,38,Non-member,2023-02-22,2
146,Birmingham,UK,Electronics,Men's Wear,371,29,Member,2023-02-23,2
152,Bristol,UK,Grocery,Home Appliances,207,77,Member,2023-02-24,6
183,London,UK,Clothing,Home Appliances,409,32,Member,2023-02-25,8
140,Leeds,UK,Grocery,Fresh Food,308,62,Member,2023-02-26,1
174,Birmingham,UK,Clothing,Men's Wear,456,91,Non-member,2023-02-27,5
131,Leeds,UK,Grocery,Home Appliances,206,98,Non-member,2023-02-28,1
113,Liverpool,UK,Electronics,Men's Wear,474,45,Member,2023-03-01,6
187,Sheffield,UK,Clothing,Men's Wear,143,49,Non-member,2023-03-02,7
194,Glasgow,UK,Electronics,Fresh Food,316,33,Member,2023-03-03,6
116,Manchester,UK,Electronics,Men's Wear,70,4,Non-member,2023-03-04,9
124,Edinburgh,UK,Grocery,Fresh Food,176,18,Non-member,2023-03-05,3
163,Newcastle,UK,Clothing,Fresh Food,396,70,Non-member,2023-03-06,8
172,Manchester,UK,Electronics,Fresh Food,457,64,Non-member,2023-03-07,3
185,Liverpool,UK,Grocery,Men's Wear,400,28,Non-member,2023-03-08,7
147,Glasgow,UK,Grocery,Home Appliances,399,58,Non-member,2023-03-09,5
134,Liverpool,UK,Grocery,Fresh Food,498,91,Non-member,2023-03-10,1
136,Bristol,UK,Electronics,Home Appliances,434,90,Member,2023-03-11,4
154,Leeds,UK,Grocery,Men's Wear,487,56,Non-member,2023-03-12,9
116,Manchester,UK,Grocery,Home Appliances,161,20,Member,2023-03-13,8
127,Newcastle,UK,Grocery,Home Appliances,283,77,Non-member,2023-03-14,3
100,Edinburgh,UK,Electronics,Fresh Food,83,92,Non-member,2023-03-15,2
152,Edinburgh,UK,Grocery,Fresh Food,129,34,Non-member,2023-03-16,9
172,Manchester,UK,Electronics,Fresh Food,132,87,Member,2023-03-17,1
154,Birmingham,UK,Grocery,Men's Wear,78,10,Member,2023-03-18,9
160,Edinburgh,UK,Electronics,Home Appliances,180,94,Member,2023-03-19,7
112,Bristol,UK,Electronics,Men's Wear,60,22,Member,2023-03-20,2
146,Leeds,UK,Clothing,Men's Wear,441,5,Member,2023-03-21,5
163,Edinburgh,UK,Clothing,Men's Wear,111,44,Non-member,2023-03-22,2
131,Birmingham,UK,Clothing,Men's Wear,408,9,Member,2023-03-23,5
127,Manchester,UK,Electronics,Fresh Food,82,43,Member,2023-03-24,7
152,Sheffield,UK,Grocery,Home Appliances,185,4,Member,2023-03-25,5
130,Edinburgh,UK,Grocery,Fresh Food,458,42,Non-member,2023-03-26,2
107,London,UK,Electronics,Fresh Food,137,65,Non-member,2023-03-27,5
171,Newcastle,UK,Grocery,Men's Wear,459,98,Non-member,2023-03-28,10
197,Leeds,UK,Electronics,Fresh Food,459,41,Member,2023-03-29,6
186,Leeds,UK,Grocery,Home Appliances,66,64,Non-member,2023-03-30,5
173,Manchester,UK,Electronics,Men's Wear,140,55,Member,2023-03-31,2
124,Bristol,UK,Clothing,Fresh Food,462,90,Non-member,2023-04-01,6
132,Leeds,UK,Clothing,Men's Wear,348,18,Non-member,2023-04-02,6
167,Newcastle,UK,Grocery,Home Appliances,302,16,Non-member,2023-04-03,2
106,Leeds,UK,Grocery,Men's Wear,122,87,Non-member,2023-04-04,4
196,Glasgow,UK,Grocery,Fresh Food,255,46,Non-member,2023-04-05,7
165,Leeds,UK,Grocery,Fresh Food,310,36,Member,2023-04-06,1
145,Birmingham,UK,Clothing,Home Appliances,227,90,Member,2023-04-07,1
195,Manchester,UK,Clothing,Home Appliances,361,66,Non-member,2023-04-08,6
104,Leeds,UK,Electronics,Men's Wear,496,44,Member,2023-04-09,7
116,Edinburgh,UK,Grocery,Fresh Food,362,5,Non-member,2023-04-10,5
175,Edinburgh,UK,Clothing,Home Appliances,269,29,Non-member,2023-04-11,10
151,Leeds,UK,Electronics,Home Appliances,222,4,Non-member,2023-04-12,8
111,Sheffield,UK,Electronics,Fresh Food,214,99,Non-member,2023-04-13,4
161,Manchester,UK,Electronics,Home Appliances,377,86,Non-member,2023-04-14,3
134,Leeds,UK,Clothing,Home Appliances,384,49,Non-member,2023-04-15,7
161,London,UK,Electronics,Fresh Food,269,72,Non-member,2023-04-16,4
120,Birmingham,UK,Grocery,Home Appliances,341,85,Member,2023-04-17,1
184,Birmingham,UK,Electronics,Fresh Food,210,8,Member,2023-04-18,8
165,Birmingham,UK,Electronics,Fresh Food,439,52,Non-member,2023-04-19,5
152,Birmingham,UK,Clothing,Men's Wear,297,69,Member,2023-04-20,8
120,Newcastle,UK,Electronics,Fresh Food,420,21,Non-member,2023-04-21,8
114,London,UK,Clothing,Home Appliances,120,27,Member,2023-04-22,5
174,Sheffield,UK,Clothing,Men's Wear,478,38,Member,2023-04-23,8
173,Sheffield,UK,Grocery,Men's Wear,141,5,Non-member,2023-04-24,7
181,London,UK,Electronics,Home Appliances,440,85,Non-member,2023-04-25,3
122,London,UK,Grocery,Men's Wear,410,61,Member,2023-04-26,4
130,Birmingham,UK,Grocery,Home Appliances,370,8,Non-member,2023-04-27,7
153,Newcastle,UK,Electronics,Men's Wear,294,86,Member,2023-04-28,4
154,Sheffield,UK,Electronics,Home Appliances,73,18,Non-member,2023-04-29,6
125,Liverpool,UK,Clothing,Fresh Food,94,4,Member,2023-04-30,2
152,Leeds,UK,Electronics,Fresh Food,238,4,Member,2023-05-01,2
165,Edinburgh,UK,Clothing,Men's Wear,452,37,Member,2023-05-02,3
138,Birmingham,UK,Grocery,Men's Wear,422,15,Non-member,2023-05-03,10
106,Sheffield,UK,Grocery,Fresh Food,465,38,Member,2023-05-04,7
187,Sheffield,UK,Clothing,Home Appliances,335,27,Non-member,2023-05-05,3
138,Sheffield,UK,Electronics,Men's Wear,370,85,Non-member,2023-05-06,3
131,Glasgow,UK,Electronics,Fresh Food,465,48,Non-member,2023-05-07,4
125,Edinburgh,UK,Clothing,Men's Wear,490,46,Non-member,2023-05-08,10
186,Newcastle,UK,Grocery,Fresh Food,453,46,Non-member,2023-05-09,6
177,Sheffield,UK,Clothing,Fresh Food,390,48,Member,2023-05-10,1
128,Manchester,UK,Electronics,Fresh Food,132,59,Non-member,2023-05-11,6
124,Liverpool,UK,Electronics,Home Appliances,271,4,Non-member,2023-05-12,8
155,Sheffield,UK,Clothing,Men's Wear,419,75,Member,2023-05-13,8
130,Glasgow,UK,Electronics,Home Appliances,401,19,Member,2023-05-14,6
165,Manchester,UK,Grocery,Home Appliances,463,57,Non-member,2023-05-15,6
101,Sheffield,UK,Clothing,Fresh Food,392,19,Non-member,2023-05-16,3
186,Edinburgh,UK,Grocery,Home Appliances,268,91,Non-member,2023-05-17,2
146,Edinburgh,UK,Grocery,Men's Wear,492,42,Member,2023-05-18,7
174,Edinburgh,UK,Clothing,Men's Wear,267,92,Non-member,2023-05-19,8
128,Bristol,UK,Clothing,Fresh Food,239,5,Non-member,2023-05-20,10
198,Newcastle,UK,Electronics,Fresh Food,116,48,Member,2023-05-21,6
148,Glasgow,UK,Electronics,Men's Wear,80,25,Member,2023-05-22,5
172,Leeds,UK,Clothing,Men's Wear,371,67,Member,2023-05-23,4
131,Glasgow,UK,Clothing,Fresh Food,299,26,Non-member,2023-05-24,1
129,Glasgow,UK,Electronics,Home Appliances,103,74,Non-member,2023-05-25,9
114,Bristol,UK,Electronics,Men's Wear,59,88,Non-member,2023-05-26,10
161,Manchester,UK,Electronics,Fresh Food,215,62,Member,2023-05-27,4
177,Newcastle,UK,Clothing,Fresh Food,388,93,Member,2023-05-28,2
116,Leeds,UK,Clothing,Men's Wear,464,7,Non-member,2023-05-29,4
121,Newcastle,UK,Electronics,Fresh Food,334,44,Member,2023-05-30,5
129,Manchester,UK,Grocery,Men's Wear,202,87,Member,2023-05-31,2
180,Bristol,UK,Grocery,Fresh Food,81,27,Member,2023-06-01,7
115,Leeds,UK,Electronics,Fresh Food,66,42,Member,2023-06-02,3
151,Liverpool,UK,Clothing,Home Appliances,420,73,Non-member,2023-06-03,8
107,Edinburgh,UK,Clothing,Fresh Food,350,56,Non-member,2023-06-04,4
163,Sheffield,UK,Grocery,Men's Wear,354,3,Member,2023-06-05,5
138,Leeds,UK,Electronics,Men's Wear,392,13,Member,2023-06-06,3
130,Sheffield,UK,Grocery,Home Appliances,195,70,Member,2023-06-07,5
111,Glasgow,UK,Grocery,Men's Wear,124,59,Member,2023-06-08,9
132,London,UK,Electronics,Fresh Food,428,38,Member,2023-06-09,2
157,London,UK,Grocery,Home Appliances,173,85,Non-member,2023-06-10,7
111,Sheffield,UK,Clothing,Men's Wear,101,83,Member,2023-06-11,10
124,Manchester,UK,Grocery,Fresh Food,453,89,Non-member,2023-06-12,8
137,Newcastle,UK,Electronics,Home Appliances,239,68,Non-member,2023-06-13,3
147,Bristol,UK,Clothing,Fresh Food,190,86,Member,2023-06-14,4
181,Sheffield,UK,Clothing,Men's Wear,137,69,Non-member,2023-06-15,10
182,Liverpool,UK,Grocery,Men's Wear,476,1,Member,2023-06-16,2
154,Glasgow,UK,Clothing,Men's Wear,133,50,Member,2023-06-17,10
102,Bristol,UK,Electronics,Men's Wear,292,81,Member,2023-06-18,9
198,Bristol,UK,Grocery,Home Appliances,155,73,Non-member,2023-06-19,3
168,Leeds,UK,Clothing,Men's Wear,141,9,Non-member,2023-06-20,9
134,London,UK,Electronics,Home Appliances,404,53,Non-member,2023-06-21,7
150,Manchester,UK,Grocery,Home Appliances,70,88,Member,2023-06-22,6
126,Newcastle,UK,Electronics,Fresh Food,55,10,Non-member,2023-06-23,3
136,Leeds,UK,Clothing,Men's Wear,270,84,Non-member,2023-06-24,7
184,Manchester,UK,Grocery,Fresh Food,358,81,Non-member,2023-06-25,3
115,Leeds,UK,Grocery,Fresh Food,136,77,Member,2023-06-26,6
191,Newcastle,UK,Clothing,Fresh Food,229,29,Non-member,2023-06-27,8
124,Liverpool,UK,Electronics,Fresh Food,391,36,Member,2023-06-28,5
132,Birmingham,UK,Clothing,Fresh Food,442,87,Non-member,2023-06-29,3
161,Leeds,UK,Grocery,Men's Wear,401,27,Non-member,2023-06-30,6
116,Bristol,UK,Grocery,Fresh Food,295,18,Non-member,2023-07-01,8
142,Manchester,UK,Clothing,Home Appliances,223,18,Member,2023-07-02,10
129,London,UK,Electronics,Home Appliances,162,9,Member,2023-07-03,3
140,Leeds,UK,Clothing,Men's Wear,120,67,Non-member,2023-07-04,5
103,Bristol,UK,Electronics,Home Appliances,207,7,Non-member,2023-07-05,9
165,Newcastle,UK,Electronics,Fresh Food,348,58,Member,2023-07-06,10
159,Newcastle,UK,Grocery,Home Appliances,286,79,Member,2023-07-07,10
108,Edinburgh,UK,Electronics,Fresh Food,236,30,Non-member,2023-07-08,3
130,Glasgow,UK,Grocery,Men's Wear,292,73,Non-member,2023-07-09,2
188,London,UK,Electronics,Home Appliances,215,61,Member,2023-07-10,8
199,Bristol,UK,Electronics,Home Appliances,83,91,Non-member,2023-07-11,7
168,Edinburgh,UK,Grocery,Home Appliances,304,82,Member,2023-07-12,9
123,Newcastle,UK,Electronics,Men's Wear,351,95,Non-member,2023-07-13,4
123,Sheffield,UK,Clothing,Men's Wear,269,17,Non-member,2023-07-14,3
192,Edinburgh,UK,Electronics,Home Appliances,81,53,Non-member,2023-07-15,10
144,Liverpool,UK,Grocery,Men's Wear,449,6,Non-member,2023-07-16,5
194,Bristol,UK,Grocery,Fresh Food,472,39,Member,2023-07-17,1
136,Birmingham,UK,Clothing,Men's Wear,306,25,Non-member,2023-07-18,5
157,Manchester,UK,Electronics,Home Appliances,282,42,Non-member,2023-07-19,3
182,Sheffield,UK,Clothing,Fresh Food,490,42,Non-member,2023-07-20,1
122,Manchester,UK,Electronics,Home Appliances,264,59,Non-member,2023-07-21,3
134,Sheffield,UK,Clothing,Home Appliances,291,38,Non-member,2023-07-22,5
162,Edinburgh,UK,Grocery,Home Appliances,294,31,Non-member,2023-07-23,5
105,Birmingham,UK,Grocery,Men's Wear,69,29,Member,2023-07-24,10
105,Manchester,UK,Clothing,Home Appliances,259,9,Non-member,2023-07-25,8
129,Newcastle,UK,Electronics,Fresh Food,259,1,Member,2023-07-26,1
100,Liverpool,UK,Electronics,Fresh Food,475,80,Member,2023-07-27,7
162,Liverpool,UK,Grocery,Fresh Food,121,87,Member,2023-07-28,5
107,Bristol,UK,Electronics,Home Appliances,211,72,Member,2023-07-29,3
127,Newcastle,UK,Clothing,Fresh Food,227,47,Non-member,2023-07-30,4
188,Glasgow,UK,Clothing,Fresh Food,60,76,Non-member,2023-07-31,3
132,Edinburgh,UK,Electronics,Fresh Food,412,10,Non-member,2023-08-01,8
152,Newcastle,UK,Grocery,Fresh Food,348,16,Member,2023-08-02,4
137,Liverpool,UK,Grocery,Men's Wear,315,47,Non-member,2023-08-03,3
151,Manchester,UK,Grocery,Home Appliances,57,43,Member,2023-08-04,2
177,Edinburgh,UK,Grocery,Home Appliances,324,24,Member,2023-08-05,3
110,Leeds,UK,Grocery,Fresh Food,242,8,Non-member,2023-08-06,7
101,Bristol,UK,Clothing,Home Appliances,360,75,Member,2023-08-07,6
152,Manchester,UK,Electronics,Fresh Food,485,26,Member,2023-08-08,10
193,Liverpool,UK,Clothing,Fresh Food,308,7,Member,2023-08-09,5
193,Sheffield,UK,Grocery,Fresh Food,102,79,Member,2023-08-10,8
167,Newcastle,UK,Grocery,Home Appliances,349,15,Non-member,2023-08-11,1
176,Edinburgh,UK,Electronics,Men's Wear,145,48,Member,2023-08-12,3
106,Sheffield,UK,Electronics,Home Appliances,353,3,Member,2023-08-13,2
166,Sheffield,UK,Electronics,Home Appliances,359,16,Member,2023-08-14,2
108,Sheffield,UK,Clothing,Men's Wear,449,79,Non-member,2023-08-15,1
177,Liverpool,UK,Electronics,Home Appliances,463,89,Non-member,2023-08-16,5
162,Birmingham,UK,Clothing,Men's Wear,141,97,Member,2023-08-17,5
110,London,UK,Grocery,Fresh Food,461,14,Non-member,2023-08-18,3
136,Manchester,UK,Clothing,Men's Wear,193,88,Non-member,2023-08-19,9
113,Manchester,UK,Electronics,Fresh Food,356,75,Non-member,2023-08-20,6
118,Edinburgh,UK,Clothing,Men's Wear,466,3,Non-member,2023-08-21,10
107,Bristol,UK,Clothing,Fresh Food,458,73,Member,2023-08-22,6
106,Sheffield,UK,Clothing,Home Appliances,67,70,Member,2023-08-23,10
158,Newcastle,UK,Electronics,Men's Wear,175,31,Non-member,2023-08-24,6
162,Glasgow,UK,Clothing,Home Appliances,203,80,Non-member,2023-08-25,2
106,Leeds,UK,Electronics,Fresh Food,55,75,Non-member,2023-08-26,10
154,Birmingham,UK,Clothing,Men's Wear,471,17,Non-member,2023-08-27,10
102,Liverpool,UK,Clothing,Men's Wear,477,49,Non-member,2023-08-28,8
166,Newcastle,UK,Clothing,Men's Wear,500,3,Non-member,2023-08-29,6
117,Birmingham,UK,Electronics,Home Appliances,476,83,Non-member,2023-08-30,3
144,Manchester,UK,Electronics,Fresh Food,439,88,Member,2023-08-31,10
196,Bristol,UK,Electronics,Home Appliances,383,55,Member,2023-09-01,9
191,Liverpool,UK,Grocery,Men's Wear,497,72,Non-member,2023-09-02,2
135,Newcastle,UK,Electronics,Fresh Food,387,40,Non-member,2023-09-03,7
115,London,UK,Clothing,Fresh Food,385,66,Member,2023-09-04,3
178,Newcastle,UK,Grocery,Home Appliances,137,87,Member,2023-09-05,6
128,Leeds,UK,Electronics,Home Appliances,318,40,Non-member,2023-09-06,5
158,Manchester,UK,Electronics,Men's Wear,114,30,Member,2023-09-07,6
117,London,UK,Grocery,Men's Wear,215,25,Member,2023-09-08,8
148,Sheffield,UK,Grocery,Men's Wear,113,7,Non-member,2023-09-09,3
145,Glasgow,UK,Electronics,Men's Wear,319,92,Member,2023-09-10,2
182,Glasgow,UK,Grocery,Fresh Food,194,50,Non-member,2023-09-11,8
128,Glasgow,UK,Clothing,Men's Wear,426,81,Member,2023-09-12,1
169,Liverpool,UK,Clothing,Men's Wear,382,96,Non-member,2023-09-13,2
149,Sheffield,UK,Clothing,Men's Wear,318,1,Member,2023-09-14,10
154,Edinburgh,UK,Electronics,Home Appliances,378,91,Member,2023-09-15,1
126,Sheffield,UK,Clothing,Home Appliances,439,44,Non-member,2023-09-16,5
106,Leeds,UK,Grocery,Home Appliances,55,49,Member,2023-09-17,8
190,Manchester,UK,Clothing,Men's Wear,170,7,Member,2023-09-18,2
182,Bristol,UK,Grocery,Fresh Food,399,3,Non-member,2023-09-19,4
180,London,UK,Clothing,Men's Wear,470,94,Member,2023-09-20,4
140,Sheffield,UK,Grocery,Home Appliances,362,1,Member,2023-09-21,7
110,Leeds,UK,Clothing,Home Appliances,358,51,Non-member,2023-09-22,1
104,Leeds,UK,Clothing,Men's Wear,351,98,Non-member,2023-09-23,9
165,Newcastle,UK,Clothing,Fresh Food,383,38,Non-member,2023-09-24,3
155,Glasgow,UK,Grocery,Fresh Food,181,43,Non-member,2023-09-25,6
111,Bristol,UK,Grocery,Fresh Food,339,55,Non-member,2023-09-26,10
141,Edinburgh,UK,Clothing,Home Appliances,499,57,Non-member,2023-09-27,5
