Employee ID,Name,Age,Gender,Department,Years at Company,Performance Score,Salary,Location
1,Employee_1,60,Female,Product,36,24,138071,New York
2,Employee_2,50,Male,HR,16,49,181842,New York
3,Employee_3,36,Male,HR,22,96,149863,Berlin
4,Employee_4,29,Male,Sales,25,100,81777,San Francisco
5,Employee_5,42,Male,Marketing,28,32,86250,San Francisco
6,Employee_6,60,Male,Product,32,55,113034,Berlin
7,Employee_7,40,Female,Product,26,79,144940,New York
8,Employee_8,44,Male,HR,24,58,80130,New York
9,Employee_9,32,Female,Marketing,9,99,173609,London
10,Employee_10,32,Male,Sales,22,3,55216,Tokyo
11,Employee_11,45,Female,Marketing,20,80,124149,San Francisco
12,Employee_12,57,Female,Engineering,20,69,43009,San Francisco
13,Employee_13,45,Male,Marketing,12,85,129904,San Francisco
14,Employee_14,24,Female,Engineering,36,10,185281,Tokyo
15,Employee_15,43,Male,Engineering,32,83,55029,London
16,Employee_16,23,Non-Binary,Sales,23,25,142171,Tokyo
17,Employee_17,45,Male,HR,10,68,154456,New York
18,Employee_18,51,Male,Marketing,16,61,102559,New York
19,Employee_19,59,Male,Engineering,3,29,104892,San Francisco
20,Employee_20,23,Non-Binary,Marketing,24,19,110409,Berlin
21,Employee_21,42,Female,HR,29,43,179707,San Francisco
22,Employee_22,54,Female,HR,8,66,73065,Berlin
23,Employee_23,33,Male,Product,20,74,160544,Tokyo
24,Employee_24,43,Female,HR,19,61,147340,New York
25,Employee_25,46,Male,Sales,18,43,73783,Berlin
26,Employee_26,48,Female,Engineering,18,25,74152,Tokyo
27,Employee_27,49,Male,Product,11,20,98741,New York
28,Employee_28,37,Male,Sales,36,48,147049,Berlin
29,Employee_29,36,Male,Marketing,16,83,69092,San Francisco
30,Employee_30,24,Male,Engineering,36,87,188725,San Francisco
31,Employee_31,58,Female,HR,38,24,126483,San Francisco
32,Employee_32,28,Male,Engineering,27,11,161585,Tokyo
33,Employee_33,42,Female,Marketing,40,98,99754,San Francisco
34,Employee_34,30,Male,Product,34,55,127592,London
35,Employee_35,60,Female,Product,17,28,134543,New York
36,Employee_36,39,Male,Product,13,69,83169,Tokyo
37,Employee_37,25,Male,HR,34,63,94745,San Francisco
38,Employee_38,46,Female,Sales,40,59,150168,New York
39,Employee_39,35,Male,Sales,6,5,153985,Berlin
40,Employee_40,30,Male,Engineering,40,51,45543,San Francisco
41,Employee_41,47,Female,HR,12,21,61067,New York
42,Employee_42,23,Female,Product,17,12,91033,London
43,Employee_43,41,Male,Product,36,50,85256,Berlin
44,Employee_44,49,Male,Marketing,12,4,193263,London
45,Employee_45,28,Female,Marketing,35,42,126803,New York
46,Employee_46,29,Male,Product,30,84,158843,London
47,Employee_47,56,Male,Product,1,38,68992,New York
48,Employee_48,35,Male,HR,15,25,88803,New York
49,Employee_49,38,Female,Sales,8,14,149975,London
50,Employee_50,57,Female,Marketing,8,75,184282,New York
51,Employee_51,25,Male,Sales,37,32,66270,San Francisco
52,Employee_52,23,Male,HR,10,11,176269,New York
53,Employee_53,27,Male,Product,21,61,47452,Tokyo
54,Employee_54,25,Female,Sales,32,18,81486,New York
55,Employee_55,50,Male,Product,35,27,54859,Tokyo
56,Employee_56,39,Male,Product,22,55,198308,New York
57,Employee_57,47,Female,Engineering,33,54,72083,New York
58,Employee_58,55,Male,Sales,8,82,107708,London
59,Employee_59,31,Female,Sales,23,87,151462,San Francisco
60,Employee_60,57,Male,Product,7,75,187735,San Francisco
61,Employee_61,35,Male,HR,6,21,133076,Berlin
62,Employee_62,52,Male,Engineering,35,44,59053,London
63,Employee_63,36,Female,Product,17,5,182157,London
64,Employee_64,29,Female,Marketing,2,87,129745,San Francisco
65,Employee_65,35,Female,Marketing,27,41,109517,London
66,Employee_66,44,Male,Engineering,5,59,192225,San Francisco
67,Employee_67,42,Female,HR,20,89,176319,London
68,Employee_68,37,Male,Product,27,54,181625,New York
69,Employee_69,39,Male,Sales,39,74,191883,San Francisco
70,Employee_70,45,Female,Engineering,0,22,177207,San Francisco
71,Employee_71,47,Male,HR,35,83,176645,Tokyo
72,Employee_72,46,Male,Sales,20,65,119267,London
73,Employee_73,50,Male,Marketing,34,64,178261,London
74,Employee_74,36,Male,Marketing,12,71,120077,San Francisco
75,Employee_75,22,Male,Sales,9,4,116623,New York
76,Employee_76,46,Female,Engineering,9,65,171004,New York
77,Employee_77,28,Male,Marketing,12,15,93687,New York
78,Employee_78,30,Female,Product,36,76,108312,London
79,Employee_79,45,Female,Sales,37,22,147615,Tokyo
80,Employee_80,22,Male,Sales,23,86,170976,San Francisco
81,Employee_81,29,Male,Marketing,1,47,67564,Berlin
82,Employee_82,45,Male,Engineering,21,81,68835,Tokyo
83,Employee_83,32,Female,Product,16,93,47697,Berlin
84,Employee_84,38,Male,Engineering,35,46,120165,Tokyo
85,Employee_85,29,Female,HR,13,14,188118,New York
86,Employee_86,56,Male,HR,9,50,97823,London
87,Employee_87,56,Female,Marketing,34,20,49615,Berlin
88,Employee_88,54,Male,Marketing,24,50,176132,Tokyo
89,Employee_89,26,Male,Marketing,2,33,170499,London
90,Employee_90,60,Female,HR,37,59,116436,Berlin
91,Employee_91,49,Female,Engineering,16,43,160562,San Francisco
92,Employee_92,28,Male,Engineering,11,79,111117,Tokyo
93,Employee_93,30,Female,Marketing,23,12,74782,San Francisco
94,Employee_94,29,Female,Product,28,40,118533,New York
95,Employee_95,33,Female,Engineering,24,20,112684,San Francisco
96,Employee_96,55,Female,HR,35,94,119558,San Francisco
97,Employee_97,54,Male,Sales,25,38,121422,Tokyo
98,Employee_98,44,Male,Sales,37,3,196328,New York
99,Employee_99,45,Male,Sales,0,28,46638,San Francisco
100,Employee_100,58,Female,Product,19,56,77419,London
101,Employee_101,56,Female,Marketing,27,90,73377,Berlin
102,Employee_102,43,Male,HR,15,94,146244,San Francisco
103,Employee_103,48,Male,Product,16,13,63382,New York
104,Employee_104,56,Female,HR,39,77,193466,San Francisco
105,Employee_105,22,Non-Binary,HR,27,66,107789,Berlin
106,Employee_106,56,Female,Marketing,11,37,150634,New York
107,Employee_107,58,Male,Sales,26,49,171936,Tokyo
108,Employee_108,35,Male,Marketing,29,66,139572,New York
109,Employee_109,24,Male,Product,40,36,184738,Tokyo
110,Employee_110,22,Female,Product,33,54,163664,New York
111,Employee_111,26,Male,Product,36,26,192027,Berlin
112,Employee_112,47,Female,Marketing,5,75,150674,Berlin
113,Employee_113,35,Male,HR,6,72,143533,New York
114,Employee_114,60,Female,HR,31,40,121845,San Francisco
115,Employee_115,48,Female,Engineering,31,43,109590,Berlin
116,Employee_116,30,Female,Product,24,22,167775,Tokyo
117,Employee_117,36,Male,HR,32,20,106471,Tokyo
118,Employee_118,36,Male,Engineering,6,8,83298,London
119,Employee_119,47,Male,HR,11,29,88924,Tokyo
120,Employee_120,34,Female,Product,15,40,187781,London
121,Employee_121,53,Female,Sales,15,90,49726,New York
122,Employee_122,60,Female,Product,35,30,80542,New York
123,Employee_123,53,Female,Marketing,12,81,191317,New York
124,Employee_124,25,Female,HR,6,84,74753,San Francisco
125,Employee_125,51,Male,HR,35,55,119788,San Francisco
126,Employee_126,58,Female,Marketing,8,16,61316,London
127,Employee_127,44,Male,Marketing,31,46,124698,Tokyo
128,Employee_128,60,Male,Sales,10,62,55960,Tokyo
129,Employee_129,36,Female,HR,7,7,70791,New York
130,Employee_130,50,Male,HR,32,80,65216,Berlin
131,Employee_131,57,Male,Sales,22,45,104427,San Francisco
132,Employee_132,34,Female,Engineering,24,59,152470,San Francisco
133,Employee_133,53,Male,Sales,7,56,113290,New York
134,Employee_134,28,Female,Product,21,48,87014,San Francisco
135,Employee_135,43,Male,HR,3,27,175150,New York
136,Employee_136,49,Male,Marketing,39,53,90519,London
137,Employee_137,23,Male,Product,2,87,44042,Tokyo
138,Employee_138,27,Male,HR,28,88,89052,Berlin
139,Employee_139,49,Female,Sales,40,73,54389,Tokyo
140,Employee_140,49,Male,Product,28,35,135961,Tokyo
141,Employee_141,41,Female,HR,33,51,108111,London
142,Employee_142,51,Male,Engineering,33,84,145058,San Francisco
143,Employee_143,32,Female,Engineering,27,37,133715,Berlin
144,Employee_144,49,Female,Marketing,12,81,90733,San Francisco
145,Employee_145,46,Female,HR,14,95,74754,Tokyo
146,Employee_146,60,Male,Engineering,22,57,189696,New York
147,Employee_147,54,Male,Sales,25,8,125886,Tokyo
148,Employee_148,22,Male,HR,3,79,197753,San Francisco
149,Employee_149,48,Female,Sales,25,95,129524,Tokyo
150,Employee_150,34,Male,Sales,39,94,121006,New York
151,Employee_151,24,Female,Engineering,8,20,64704,London
152,Employee_152,60,Female,HR,4,53,134913,San Francisco
153,Employee_153,27,Male,Product,31,12,134108,Tokyo
154,Employee_154,29,Female,Engineering,19,49,47493,San Francisco
155,Employee_155,48,Male,Engineering,10,17,109639,London
156,Employee_156,30,Male,HR,14,64,94383,Tokyo
157,Employee_157,58,Female,HR,31,42,174066,Tokyo
158,Employee_158,54,Female,Sales,27,94,87234,San Francisco
159,Employee_159,45,Female,HR,21,29,168674,San Francisco
160,Employee_160,36,Male,Sales,40,19,45594,New York
161,Employee_161,53,Male,Engineering,16,11,47371,London
162,Employee_162,53,Female,Marketing,25,98,87315,New York
163,Employee_163,45,Female,Product,6,50,167251,Tokyo
164,Employee_164,33,Female,Engineering,25,71,119526,San Francisco
165,Employee_165,60,Male,HR,24,58,187698,Tokyo
166,Employee_166,23,Female,Product,9,34,126005,Tokyo
167,Employee_167,24,Male,Marketing,18,20,145573,Berlin
168,Employee_168,58,Male,Marketing,10,50,178202,Berlin
169,Employee_169,38,Female,Sales,12,88,177900,Tokyo
170,Employee_170,23,Male,Product,7,10,97514,San Francisco
171,Employee_171,23,Female,Sales,39,32,188955,Tokyo
172,Employee_172,49,Male,Engineering,3,52,115986,Berlin
173,Employee_173,44,Male,Product,30,15,125959,San Francisco
174,Employee_174,58,Female,Engineering,27,84,42035,Tokyo
175,Employee_175,53,Female,Sales,10,3,149767,London
176,Employee_176,54,Female,Product,0,37,57241,London
177,Employee_177,22,Female,Sales,37,40,92975,Tokyo
178,Employee_178,40,Female,Product,23,72,194226,San Francisco
179,Employee_179,23,Female,Sales,30,40,196697,Tokyo
180,Employee_180,47,Female,Marketing,40,56,96396,Tokyo
181,Employee_181,53,Male,Sales,25,23,158920,Berlin
182,Employee_182,27,Female,Marketing,4,11,184403,London
183,Employee_183,53,Male,Sales,19,64,126226,Berlin
184,Employee_184,25,Non-Binary,Product,40,8,124719,Berlin
185,Employee_185,32,Female,Product,10,93,103014,Tokyo
186,Employee_186,38,Male,Product,32,94,79346,Berlin
187,Employee_187,59,Female,HR,37,56,110411,London
188,Employee_188,45,Female,Engineering,26,60,183326,Berlin
189,Employee_189,26,Male,Product,33,10,199693,London
190,Employee_190,55,Female,Marketing,14,39,116441,Berlin
191,Employee_191,27,Female,Product,31,28,86121,London
192,Employee_192,43,Male,HR,20,49,100197,Berlin
193,Employee_193,32,Female,Marketing,4,36,124577,Berlin
194,Employee_194,37,Male,HR,5,13,134634,San Francisco
195,Employee_195,54,Female,Marketing,37,96,140211,London
196,Employee_196,30,Non-Binary,Sales,21,36,175909,London
197,Employee_197,27,Female,Engineering,17,26,183687,London
198,Employee_198,37,Male,Engineering,13,86,41466,New York
199,Employee_199,50,Female,HR,9,4,70771,Berlin
200,Employee_200,24,Female,Engineering,12,95,123886,London
201,Employee_201,41,Male,HR,30,82,105911,New York
202,Employee_202,57,Female,HR,29,64,191818,San Francisco
203,Employee_203,40,Male,HR,2,38,128422,London
204,Employee_204,47,Female,Engineering,29,88,113369,London
205,Employee_205,24,Male,HR,5,87,41893,New York
206,Employee_206,40,Male,Engineering,28,22,70573,Berlin
207,Employee_207,41,Male,HR,7,2,136907,San Francisco
208,Employee_208,53,Female,Product,32,31,139956,London
209,Employee_209,28,Male,HR,16,11,158580,Berlin
210,Employee_210,54,Female,Marketing,10,92,192271,San Francisco
211,Employee_211,60,Male,HR,12,46,131404,Tokyo
212,Employee_212,39,Male,Sales,10,96,97724,Tokyo
213,Employee_213,22,Female,HR,30,62,126133,San Francisco
214,Employee_214,32,Female,Marketing,27,69,55989,New York
215,Employee_215,49,Male,Marketing,5,64,68931,San Francisco
216,Employee_216,46,Female,Engineering,40,10,49290,San Francisco
217,Employee_217,44,Female,Product,15,40,161136,New York
218,Employee_218,52,Female,HR,3,24,119878,New York
219,Employee_219,51,Male,Engineering,34,99,130477,Berlin
220,Employee_220,56,Male,Product,25,44,166299,Berlin
221,Employee_221,28,Female,HR,11,60,145686,New York
222,Employee_222,37,Male,Sales,10,62,198124,Tokyo
223,Employee_223,47,Female,HR,36,87,147286,Tokyo
224,Employee_224,23,Female,Marketing,24,17,80475,San Francisco
225,Employee_225,22,Female,Marketing,17,65,122666,London
226,Employee_226,33,Female,Sales,18,95,136622,San Francisco
227,Employee_227,26,Non-Binary,Engineering,22,95,175705,San Francisco
228,Employee_228,58,Male,Product,37,57,188376,London
229,Employee_229,53,Female,HR,17,55,147573,New York
230,Employee_230,30,Male,Marketing,25,53,86546,Tokyo
231,Employee_231,56,Male,Engineering,5,56,47008,San Francisco
232,Employee_232,40,Female,Sales,3,98,88291,London
233,Employee_233,37,Female,Marketing,28,9,198477,Berlin
234,Employee_234,24,Non-Binary,Sales,33,22,76386,San Francisco
235,Employee_235,41,Female,HR,16,13,130909,Tokyo
236,Employee_236,45,Male,Product,15,89,191899,New York
237,Employee_237,54,Male,Marketing,1,48,73040,San Francisco
238,Employee_238,45,Female,Marketing,33,18,100354,San Francisco
239,Employee_239,32,Male,HR,7,76,118543,London
240,Employee_240,29,Male,Engineering,12,40,58157,Berlin
241,Employee_241,57,Male,Product,7,17,75315,Berlin
242,Employee_242,59,Male,Marketing,29,15,75932,New York
243,Employee_243,41,Male,Product,31,15,192236,Tokyo
244,Employee_244,56,Male,Marketing,35,79,185486,New York
245,Employee_245,46,Male,Product,29,63,185399,San Francisco
246,Employee_246,56,Male,Sales,0,39,153880,San Francisco
247,Employee_247,46,Non-Binary,Marketing,38,13,172018,Berlin
248,Employee_248,50,Male,Product,16,81,54693,Tokyo
249,Employee_249,39,Male,Engineering,19,32,67241,London
250,Employee_250,39,Female,Sales,23,9,155194,Tokyo
251,Employee_251,23,Male,Sales,21,40,135790,San Francisco
252,Employee_252,56,Female,Engineering,28,20,186612,London
253,Employee_253,37,Female,Product,21,90,112255,Tokyo
254,Employee_254,57,Male,HR,8,91,196153,Tokyo
255,Employee_255,54,Male,Engineering,36,85,51350,London
256,Employee_256,25,Female,Product,9,82,96809,San Francisco
257,Employee_257,54,Female,Engineering,35,77,141894,Tokyo
258,Employee_258,35,Male,Engineering,36,80,137557,London
259,Employee_259,42,Female,Marketing,27,73,199441,San Francisco
260,Employee_260,41,Male,Product,27,63,71728,London
261,Employee_261,29,Non-Binary,HR,20,76,57576,London
262,Employee_262,28,Male,Marketing,23,44,123384,Tokyo
263,Employee_263,24,Female,Engineering,39,38,40390,San Francisco
264,Employee_264,38,Female,Engineering,1,83,85436,Tokyo
265,Employee_265,54,Female,Engineering,7,60,51569,New York
266,Employee_266,33,Female,Product,26,71,184101,New York
267,Employee_267,43,Male,Product,21,99,62490,San Francisco
268,Employee_268,43,Male,Marketing,36,48,85875,London
269,Employee_269,51,Male,HR,26,18,45867,Tokyo
270,Employee_270,59,Male,Marketing,28,16,120820,Tokyo
271,Employee_271,59,Female,Sales,2,55,139515,San Francisco
272,Employee_272,29,Male,Engineering,12,39,49121,San Francisco
273,Employee_273,48,Male,Engineering,9,68,41539,New York
274,Employee_274,48,Non-Binary,Engineering,35,59,188099,Berlin
275,Employee_275,55,Female,Marketing,8,89,167402,San Francisco
276,Employee_276,42,Female,Marketing,26,96,114229,Berlin
277,Employee_277,51,Non-Binary,Engineering,33,62,179993,San Francisco
278,Employee_278,54,Male,Marketing,0,13,90435,London
279,Employee_279,49,Male,Product,31,81,181382,London
280,Employee_280,54,Female,Product,24,6,103965,New York
281,Employee_281,26,Female,Marketing,28,83,151048,New York
282,Employee_282,40,Male,Engineering,6,77,136444,Berlin
283,Employee_283,25,Female,Marketing,2,60,109922,San Francisco
284,Employee_284,56,Male,Marketing,19,90,137799,Tokyo
285,Employee_285,38,Male,Marketing,19,14,133948,New York
286,Employee_286,49,Female,Sales,29,95,183314,Tokyo
287,Employee_287,51,Female,Product,34,54,48947,Tokyo
288,Employee_288,50,Female,HR,34,4,88785,San Francisco
289,Employee_289,27,Male,HR,38,39,159963,Berlin
290,Employee_290,56,Female,Sales,26,72,40507,San Francisco
291,Employee_291,58,Male,Marketing,25,25,198223,New York
292,Employee_292,45,Male,Sales,13,77,51618,Tokyo
293,Employee_293,50,Female,Sales,16,32,114286,San Francisco
294,Employee_294,52,Female,Engineering,17,59,56122,San Francisco
295,Employee_295,56,Female,Product,28,63,178426,San Francisco
296,Employee_296,54,Female,HR,19,38,149598,New York
297,Employee_297,42,Female,Marketing,26,92,126436,Berlin
298,Employee_298,53,Female,HR,17,53,176109,San Francisco
299,Employee_299,44,Male,HR,3,94,68633,New York
300,Employee_300,54,Male,Product,0,67,64495,Tokyo
301,Employee_301,24,Male,HR,0,28,104550,London
302,Employee_302,39,Male,HR,25,3,76483,New York
303,Employee_303,46,Female,Sales,19,98,153181,London
304,Employee_304,52,Female,Product,22,80,74069,San Francisco
305,Employee_305,24,Male,Engineering,9,22,178442,San Francisco
306,Employee_306,45,Male,Marketing,10,96,159873,New York
307,Employee_307,53,Female,HR,40,38,156843,London
308,Employee_308,43,Male,Marketing,40,72,111947,San Francisco
309,Employee_309,44,Female,Engineering,4,72,135761,Tokyo
310,Employee_310,23,Female,Marketing,0,62,153753,Berlin
311,Employee_311,48,Female,Engineering,16,57,171764,Berlin
312,Employee_312,23,Female,Sales,21,6,68926,San Francisco
313,Employee_313,47,Female,HR,33,78,139782,London
314,Employee_314,38,Male,Engineering,40,32,144700,San Francisco
315,Employee_315,54,Female,Marketing,28,99,113984,London
316,Employee_316,30,Female,HR,3,10,89593,Tokyo
317,Employee_317,60,Male,Sales,4,3,115609,London
318,Employee_318,50,Female,HR,10,59,45209,San Francisco
319,Employee_319,47,Female,Engineering,20,76,166700,Tokyo
320,Employee_320,56,Female,Sales,34,49,177605,New York
321,Employee_321,46,Female,Marketing,11,59,126597,Berlin
322,Employee_322,45,Female,Sales,25,31,47211,San Francisco
323,Employee_323,34,Female,Sales,18,93,49927,San Francisco
324,Employee_324,28,Female,Product,6,69,157333,San Francisco
325,Employee_325,57,Female,Sales,6,62,195666,Tokyo
326,Employee_326,41,Female,Sales,25,52,116382,New York
327,Employee_327,22,Female,HR,39,89,179005,London
328,Employee_328,29,Female,Marketing,4,41,143780,New York
329,Employee_329,37,Male,HR,20,31,80696,Tokyo
330,Employee_330,35,Female,HR,13,85,107616,San Francisco
331,Employee_331,33,Female,Engineering,3,84,177161,Berlin
332,Employee_332,44,Male,HR,22,22,197195,San Francisco
333,Employee_333,36,Female,Product,19,4,178869,London
334,Employee_334,49,Male,Product,14,13,90013,Berlin
335,Employee_335,55,Male,Engineering,28,45,179418,San Francisco
336,Employee_336,23,Female,Marketing,7,42,188725,Berlin
337,Employee_337,53,Male,Marketing,40,49,89556,New York
338,Employee_338,44,Female,HR,18,20,163723,Tokyo
339,Employee_339,43,Female,HR,38,77,66140,San Francisco
340,Employee_340,46,Female,HR,27,81,41184,London
341,Employee_341,43,Male,Marketing,26,54,195918,New York
342,Employee_342,43,Male,Sales,3,36,151361,San Francisco
343,Employee_343,27,Female,Product,14,97,193267,New York
344,Employee_344,36,Non-Binary,Sales,34,1,45606,London
345,Employee_345,58,Female,Sales,36,15,175028,San Francisco
346,Employee_346,54,Male,Marketing,0,77,56555,London
347,Employee_347,29,Female,Sales,2,17,130385,Berlin
348,Employee_348,26,Female,Engineering,23,24,189762,London
349,Employee_349,60,Female,HR,26,58,98502,Berlin
350,Employee_350,25,Male,Engineering,39,72,197419,San Francisco
351,Employee_351,27,Female,Product,35,91,143844,Berlin
352,Employee_352,53,Female,HR,33,23,131321,San Francisco
353,Employee_353,51,Non-Binary,Sales,28,46,89056,San Francisco
354,Employee_354,56,Male,Product,23,72,138234,Tokyo
355,Employee_355,37,Female,HR,23,8,81850,San Francisco
356,Employee_356,34,Female,Sales,3,59,67843,Berlin
357,Employee_357,51,Male,Engineering,2,90,102320,Tokyo
358,Employee_358,40,Female,HR,33,59,69793,Tokyo
359,Employee_359,38,Female,Sales,22,13,188929,San Francisco
360,Employee_360,40,Male,Engineering,22,39,59627,London
361,Employee_361,49,Male,Product,4,28,101822,London
362,Employee_362,47,Female,Product,30,89,95798,Tokyo
363,Employee_363,58,Male,Product,40,61,115318,San Francisco
364,Employee_364,47,Female,Product,5,16,144186,London
365,Employee_365,44,Male,Marketing,36,2,127902,San Francisco
366,Employee_366,30,Female,HR,9,82,199629,San Francisco
367,Employee_367,33,Male,HR,39,17,111334,Tokyo
368,Employee_368,22,Female,Marketing,6,30,146719,Tokyo
369,Employee_369,22,Non-Binary,Sales,38,13,163099,New York
370,Employee_370,55,Non-Binary,Sales,37,96,52720,London
371,Employee_371,53,Female,Product,20,93,97608,London
372,Employee_372,46,Male,Engineering,19,94,147449,London
373,Employee_373,22,Female,Sales,2,82,142828,Berlin
374,Employee_374,37,Male,Engineering,21,13,166613,San Francisco
375,Employee_375,60,Male,HR,3,43,112095,Tokyo
376,Employee_376,26,Male,Engineering,27,85,145924,London
377,Employee_377,43,Female,HR,11,94,136452,New York
378,Employee_378,50,Female,Marketing,37,21,127593,London
379,Employee_379,24,Female,Marketing,35,55,146975,San Francisco
380,Employee_380,33,Male,Product,40,81,117242,San Francisco
381,Employee_381,47,Male,Sales,4,40,156041,Tokyo
382,Employee_382,37,Non-Binary,Product,12,83,166202,Berlin
383,Employee_383,58,Male,HR,22,15,117606,Tokyo
384,Employee_384,43,Male,Product,29,73,163769,London
385,Employee_385,50,Male,Engineering,36,52,158542,New York
386,Employee_386,35,Female,HR,24,74,146438,Tokyo
387,Employee_387,49,Female,Marketing,26,95,40924,Berlin
388,Employee_388,26,Male,Sales,13,53,91322,Tokyo
389,Employee_389,51,Male,HR,35,87,197550,San Francisco
390,Employee_390,26,Female,HR,38,52,111042,London
391,Employee_391,33,Female,Engineering,15,30,86418,London
392,Employee_392,37,Male,Sales,21,33,140699,London
393,Employee_393,47,Female,Marketing,20,57,130140,London
394,Employee_394,47,Male,HR,20,52,51781,London
395,Employee_395,42,Male,HR,7,9,176587,London
396,Employee_396,60,Female,Engineering,15,54,157358,New York
397,Employee_397,57,Male,Product,30,1,76133,Berlin
398,Employee_398,54,Female,Marketing,9,44,137628,London
399,Employee_399,51,Male,Sales,31,99,116946,Berlin
400,Employee_400,58,Male,HR,33,75,125058,London
401,Employee_401,44,Non-Binary,HR,8,98,180167,Tokyo
402,Employee_402,31,Male,Marketing,16,80,191542,London
403,Employee_403,26,Female,Product,10,9,83129,San Francisco
404,Employee_404,57,Male,HR,31,32,48531,New York
405,Employee_405,55,Male,Marketing,9,15,77038,Tokyo
406,Employee_406,52,Male,Engineering,21,12,127939,Tokyo
407,Employee_407,31,Female,Product,16,97,82674,San Francisco
408,Employee_408,40,Male,Sales,3,78,167572,London
409,Employee_409,53,Female,HR,24,57,69831,New York
410,Employee_410,22,Male,Marketing,20,8,97174,Tokyo
411,Employee_411,26,Non-Binary,Engineering,36,72,51279,New York
412,Employee_412,25,Male,Sales,37,27,100610,Tokyo
413,Employee_413,37,Female,Marketing,0,62,93051,London
414,Employee_414,45,Female,Marketing,24,12,96652,Tokyo
415,Employee_415,37,Female,Sales,35,65,105524,Tokyo
416,Employee_416,23,Female,Engineering,16,42,46470,Berlin
417,Employee_417,49,Female,Engineering,40,62,93473,London
418,Employee_418,53,Female,Product,23,11,190952,San Francisco
419,Employee_419,48,Male,HR,1,43,84439,San Francisco
420,Employee_420,41,Male,Sales,39,95,54308,London
421,Employee_421,45,Female,Sales,14,17,131563,San Francisco
422,Employee_422,33,Female,Sales,31,97,75081,London
423,Employee_423,56,Female,Engineering,38,32,49837,San Francisco
424,Employee_424,54,Female,HR,5,93,158128,Berlin
425,Employee_425,54,Male,Product,0,85,152651,San Francisco
426,Employee_426,58,Male,Marketing,22,85,137624,Tokyo
427,Employee_427,33,Female,Marketing,38,40,197371,London
428,Employee_428,24,Male,Sales,16,23,70063,New York
429,Employee_429,22,Male,HR,33,56,109453,New York
430,Employee_430,54,Female,Engineering,40,6,142166,London
431,Employee_431,31,Male,HR,28,86,54506,Berlin
432,Employee_432,50,Female,HR,8,50,153604,San Francisco
433,Employee_433,34,Male,Engineering,12,37,66026,Berlin
434,Employee_434,33,Female,Sales,5,64,198744,New York
435,Employee_435,52,Male,HR,5,54,92413,London
436,Employee_436,23,Male,Marketing,19,72,105066,London
437,Employee_437,56,Male,Engineering,2,49,90971,Berlin
438,Employee_438,44,Male,Product,16,99,198353,Berlin
439,Employee_439,38,Male,Sales,11,11,153978,San Francisco
440,Employee_440,47,Male,Engineering,0,88,199163,Tokyo
441,Employee_441,29,Female,Product,16,49,90494,Tokyo
442,Employee_442,50,Male,Product,2,21,143864,San Francisco
443,Employee_443,47,Female,HR,25,66,189682,Tokyo
444,Employee_444,31,Female,HR,14,63,172151,New York
445,Employee_445,47,Female,HR,35,83,135386,Tokyo
446,Employee_446,55,Male,Engineering,31,28,126126,San Francisco
447,Employee_447,28,Female,Engineering,31,17,120863,Tokyo
448,Employee_448,25,Male,Sales,3,6,118291,London
449,Employee_449,32,Male,HR,17,19,165659,Berlin
450,Employee_450,50,Non-Binary,Product,18,56,47235,New York
451,Employee_451,57,Male,Marketing,34,28,122733,London
452,Employee_452,46,Female,Sales,39,66,102712,London
453,Employee_453,42,Female,Engineering,13,38,192545,San Francisco
454,Employee_454,57,Female,Sales,32,37,165849,Berlin
455,Employee_455,31,Female,Sales,13,68,119823,Berlin
456,Employee_456,58,Male,Sales,33,86,144215,New York
457,Employee_457,30,Male,Sales,3,90,72230,San Francisco
458,Employee_458,45,Female,Marketing,23,49,124573,New York
459,Employee_459,56,Male,HR,28,43,80644,Tokyo
460,Employee_460,56,Male,Product,18,36,85203,London
461,Employee_461,57,Male,Sales,5,58,106677,New York
462,Employee_462,39,Male,Sales,32,13,196497,London
463,Employee_463,60,Male,Sales,39,52,163246,San Francisco
464,Employee_464,53,Male,HR,18,58,124817,Tokyo
465,Employee_465,45,Female,Engineering,0,32,109806,San Francisco
466,Employee_466,44,Female,Engineering,4,81,82814,Tokyo
467,Employee_467,53,Female,Marketing,26,100,110219,Tokyo
468,Employee_468,58,Male,Engineering,15,60,135345,London
469,Employee_469,33,Male,Sales,5,83,140088,San Francisco
470,Employee_470,34,Male,Sales,39,58,109322,San Francisco
471,Employee_471,44,Female,Sales,12,99,61650,New York
472,Employee_472,46,Female,Marketing,34,56,134242,San Francisco
473,Employee_473,56,Male,Sales,18,28,180262,New York
474,Employee_474,51,Female,Engineering,11,1,78196,Berlin
475,Employee_475,38,Male,HR,15,42,69709,Berlin
476,Employee_476,41,Female,HR,9,82,120428,Berlin
477,Employee_477,46,Female,Product,24,48,49943,San Francisco
478,Employee_478,43,Female,Engineering,19,40,61042,San Francisco
479,Employee_479,34,Female,Sales,30,97,83894,New York
480,Employee_480,40,Female,HR,3,63,177941,Tokyo
481,Employee_481,57,Male,Engineering,22,76,96759,New York
482,Employee_482,33,Female,HR,1,72,145973,Berlin
483,Employee_483,40,Male,Sales,21,88,84306,New York
484,Employee_484,33,Female,HR,36,80,148369,Tokyo
485,Employee_485,30,Female,Product,7,4,191990,San Francisco
486,Employee_486,28,Female,Product,6,38,68379,New York
487,Employee_487,49,Male,HR,13,27,160667,Berlin
488,Employee_488,35,Female,Engineering,2,9,174034,Berlin
489,Employee_489,52,Female,Engineering,15,16,184923,San Francisco
490,Employee_490,40,Female,Engineering,18,56,157626,New York
491,Employee_491,37,Male,HR,17,76,165180,Tokyo
492,Employee_492,26,Male,Engineering,15,31,92349,San Francisco
493,Employee_493,56,Male,Sales,7,88,185817,New York
494,Employee_494,33,Male,Product,32,14,45730,London
495,Employee_495,46,Female,Sales,11,25,184993,Berlin
496,Employee_496,42,Male,Engineering,10,34,59023,Tokyo
497,Employee_497,57,Non-Binary,Sales,4,67,166796,Tokyo
498,Employee_498,44,Male,Engineering,26,24,121533,Tokyo
499,Employee_499,37,Male,HR,11,73,123286,Berlin
500,Employee_500,60,Female,Sales,16,26,81979,New York
501,Employee_501,60,Female,HR,5,20,62837,San Francisco
502,Employee_502,35,Female,HR,32,64,186069,New York
503,Employee_503,52,Female,Marketing,4,10,144975,San Francisco
504,Employee_504,26,Female,Engineering,27,83,60923,Tokyo
505,Employee_505,56,Male,Product,13,67,48876,New York
506,Employee_506,44,Non-Binary,Engineering,4,24,100973,Tokyo
507,Employee_507,50,Non-Binary,Product,32,5,173959,London
508,Employee_508,32,Female,Engineering,40,67,82422,Tokyo
509,Employee_509,39,Male,HR,18,58,91413,Tokyo
510,Employee_510,33,Female,Sales,21,27,142484,San Francisco
511,Employee_511,30,Male,Sales,4,80,173913,London
512,Employee_512,31,Male,Marketing,1,15,68756,Tokyo
513,Employee_513,38,Male,Product,29,35,111576,Tokyo
514,Employee_514,59,Male,Product,38,76,158248,London
515,Employee_515,28,Female,Product,3,53,50304,London
516,Employee_516,34,Female,HR,32,44,70341,New York
517,Employee_517,30,Female,Product,12,26,175830,San Francisco
518,Employee_518,48,Male,Sales,19,47,188082,London
519,Employee_519,23,Male,HR,6,34,167039,London
520,Employee_520,26,Male,Engineering,14,87,172447,Berlin
521,Employee_521,50,Non-Binary,Product,22,95,139485,London
522,Employee_522,58,Male,Product,13,50,62092,San Francisco
523,Employee_523,59,Female,Engineering,22,84,171562,Tokyo
524,Employee_524,40,Female,Product,18,12,43729,Tokyo
525,Employee_525,29,Male,Engineering,28,87,177046,Tokyo
526,Employee_526,22,Female,HR,19,4,158222,Tokyo
527,Employee_527,43,Female,Sales,28,87,125216,Berlin
528,Employee_528,38,Female,Engineering,23,48,123860,London
529,Employee_529,28,Female,Marketing,17,55,136870,Tokyo
530,Employee_530,46,Male,Engineering,9,1,61398,New York
531,Employee_531,25,Male,Product,40,89,74650,Tokyo
532,Employee_532,57,Female,HR,7,66,192364,London
533,Employee_533,27,Female,HR,25,30,143889,Tokyo
534,Employee_534,52,Male,Engineering,28,3,43159,Berlin
535,Employee_535,40,Female,Sales,9,21,138162,San Francisco
536,Employee_536,60,Female,Marketing,16,89,142834,San Francisco
537,Employee_537,48,Female,HR,1,84,188137,London
538,Employee_538,31,Male,Product,5,49,61638,San Francisco
539,Employee_539,47,Female,Product,4,86,41073,San Francisco
540,Employee_540,40,Female,Sales,27,85,69320,New York
541,Employee_541,60,Male,HR,40,62,74924,London
542,Employee_542,24,Male,Engineering,4,97,108116,London
543,Employee_543,34,Non-Binary,Product,17,38,42159,San Francisco
544,Employee_544,49,Male,Sales,25,15,88940,San Francisco
545,Employee_545,41,Female,HR,19,52,119436,San Francisco
546,Employee_546,49,Female,HR,40,79,54678,Berlin
547,Employee_547,29,Male,HR,26,46,183093,Tokyo
548,Employee_548,60,Female,HR,11,25,177844,Berlin
549,Employee_549,22,Male,HR,6,21,107163,London
550,Employee_550,24,Female,Product,2,88,194536,New York
551,Employee_551,34,Male,Sales,9,5,91137,Tokyo
552,Employee_552,49,Female,HR,33,70,101497,New York
553,Employee_553,46,Male,Marketing,24,47,140485,London
554,Employee_554,54,Male,Marketing,34,87,145468,London
555,Employee_555,59,Non-Binary,Sales,15,68,40901,New York
556,Employee_556,27,Male,Engineering,1,91,127980,New York
557,Employee_557,53,Female,Engineering,23,18,147594,New York
558,Employee_558,42,Male,Engineering,9,21,42881,London
559,Employee_559,37,Female,Marketing,37,92,69863,San Francisco
560,Employee_560,42,Male,Engineering,21,99,176694,New York
561,Employee_561,32,Non-Binary,Product,25,86,172450,Tokyo
562,Employee_562,58,Male,HR,38,23,85201,London
563,Employee_563,57,Male,Marketing,26,64,99251,Berlin
564,Employee_564,56,Male,Sales,28,67,112572,Berlin
565,Employee_565,40,Male,Sales,37,40,79255,Tokyo
566,Employee_566,41,Female,HR,19,10,103212,San Francisco
567,Employee_567,39,Male,Marketing,26,89,90210,New York
568,Employee_568,35,Female,Engineering,40,52,165629,London
569,Employee_569,36,Male,Engineering,19,72,62499,New York
570,Employee_570,52,Male,Product,18,75,142552,London
571,Employee_571,22,Female,Product,19,61,101360,Berlin
572,Employee_572,24,Female,Engineering,34,64,175675,New York
573,Employee_573,37,Male,Sales,1,5,167466,Tokyo
574,Employee_574,44,Male,Sales,29,53,125473,San Francisco
575,Employee_575,32,Male,Product,33,55,183704,Tokyo
576,Employee_576,33,Female,HR,21,37,131873,San Francisco
577,Employee_577,31,Female,Engineering,2,56,105756,New York
578,Employee_578,53,Male,Product,5,59,96344,New York
579,Employee_579,37,Female,Product,14,93,178421,San Francisco
580,Employee_580,29,Female,Engineering,26,69,111154,Berlin
581,Employee_581,59,Female,Engineering,9,73,67464,London
582,Employee_582,33,Female,Sales,8,59,161897,Tokyo
583,Employee_583,45,Male,HR,32,2,77344,Tokyo
584,Employee_584,49,Male,HR,31,65,123791,Tokyo
585,Employee_585,29,Male,Engineering,5,60,195371,New York
586,Employee_586,49,Male,Marketing,40,51,172534,Tokyo
587,Employee_587,57,Female,Product,35,30,160209,London
588,Employee_588,47,Female,Product,1,11,121441,London
589,Employee_589,29,Male,Engineering,28,92,130456,San Francisco
590,Employee_590,49,Male,Marketing,3,76,121788,New York
591,Employee_591,49,Male,Sales,0,39,54175,London
592,Employee_592,58,Female,Engineering,18,90,177263,Berlin
593,Employee_593,57,Male,Engineering,25,77,123434,New York
594,Employee_594,48,Female,Product,24,72,124518,New York
595,Employee_595,38,Male,Engineering,9,63,106537,London
596,Employee_596,30,Male,Engineering,14,64,155721,Berlin
597,Employee_597,54,Non-Binary,Engineering,21,61,87645,San Francisco
598,Employee_598,41,Non-Binary,Product,20,54,63283,London
599,Employee_599,34,Male,Sales,21,92,126971,Berlin
600,Employee_600,49,Female,Sales,35,94,132759,New York
601,Employee_601,50,Female,Engineering,33,73,142780,Berlin
602,Employee_602,34,Female,Product,29,95,70734,New York
603,Employee_603,56,Male,Sales,24,58,40515,London
604,Employee_604,27,Female,Sales,27,85,150782,London
605,Employee_605,39,Female,Sales,0,56,106727,Tokyo
606,Employee_606,26,Female,Product,3,34,149164,Tokyo
607,Employee_607,46,Male,Product,6,31,86216,Tokyo
608,Employee_608,23,Male,Engineering,8,52,111833,London
609,Employee_609,31,Male,HR,35,89,98755,San Francisco
610,Employee_610,51,Female,Sales,18,76,67856,London
611,Employee_611,26,Male,HR,0,1,113870,Berlin
612,Employee_612,54,Female,Product,9,55,195234,London
613,Employee_613,22,Non-Binary,Product,35,22,177080,London
614,Employee_614,39,Male,Product,8,40,47987,New York
615,Employee_615,53,Female,HR,31,1,136502,New York
616,Employee_616,32,Male,Product,31,65,174404,New York
617,Employee_617,42,Female,Engineering,5,63,106323,London
618,Employee_618,47,Male,Product,37,54,49873,San Francisco
619,Employee_619,46,Female,Marketing,16,42,145219,Berlin
620,Employee_620,43,Female,HR,9,21,45033,Berlin
621,Employee_621,48,Female,Marketing,26,79,113324,San Francisco
622,Employee_622,34,Female,Product,34,81,55689,San Francisco
623,Employee_623,54,Female,Engineering,20,22,149756,Berlin
624,Employee_624,55,Female,Sales,24,38,40066,Tokyo
625,Employee_625,56,Female,Product,27,99,154159,New York
626,Employee_626,22,Female,Engineering,14,80,47533,New York
627,Employee_627,42,Male,HR,3,8,155828,Berlin
628,Employee_628,27,Female,Marketing,28,62,99658,San Francisco
629,Employee_629,49,Female,Marketing,8,47,78498,Tokyo
630,Employee_630,38,Female,Marketing,26,17,149028,Berlin
631,Employee_631,26,Male,HR,25,17,51772,New York
632,Employee_632,52,Female,Engineering,18,90,129385,London
633,Employee_633,26,Male,HR,27,13,52940,San Francisco
634,Employee_634,59,Female,Marketing,16,17,158027,London
635,Employee_635,24,Male,Product,40,38,56932,Berlin
636,Employee_636,44,Female,Sales,19,81,64648,New York
637,Employee_637,58,Non-Binary,HR,39,78,72966,Tokyo
638,Employee_638,58,Male,HR,38,45,198849,London
639,Employee_639,31,Non-Binary,Engineering,22,6,188246,Tokyo
640,Employee_640,31,Male,Engineering,31,35,82598,New York
641,Employee_641,40,Female,HR,32,14,184870,London
642,Employee_642,38,Female,Marketing,4,72,188630,Tokyo
643,Employee_643,42,Female,Sales,33,61,101084,Tokyo
644,Employee_644,35,Female,Engineering,39,15,171250,London
645,Employee_645,30,Female,Marketing,10,54,57118,New York
646,Employee_646,22,Male,Product,2,27,62616,Tokyo
647,Employee_647,34,Male,Engineering,32,13,171870,Berlin
648,Employee_648,25,Female,Marketing,10,31,47601,London
649,Employee_649,22,Female,Marketing,15,35,65363,San Francisco
650,Employee_650,53,Female,Sales,17,60,42795,San Francisco
651,Employee_651,55,Female,Sales,29,6,137462,New York
652,Employee_652,49,Male,Product,9,69,142892,Berlin
653,Employee_653,52,Female,Marketing,17,86,112833,Tokyo
654,Employee_654,29,Male,Marketing,37,58,43084,San Francisco
655,Employee_655,60,Female,Sales,18,49,135865,New York
656,Employee_656,47,Male,Engineering,35,23,40731,Berlin
657,Employee_657,55,Male,Engineering,12,89,172201,Berlin
658,Employee_658,24,Male,HR,2,34,199094,New York
659,Employee_659,33,Male,Sales,9,26,41605,New York
660,Employee_660,22,Female,HR,37,47,117506,Tokyo
661,Employee_661,26,Male,Sales,0,5,84130,New York
662,Employee_662,51,Male,Product,26,90,108469,Tokyo
663,Employee_663,51,Male,Marketing,7,20,186259,Tokyo
664,Employee_664,38,Male,Product,16,6,196863,London
665,Employee_665,44,Male,Sales,8,70,130436,Berlin
666,Employee_666,36,Male,Marketing,5,59,152341,Berlin
667,Employee_667,58,Female,Engineering,24,64,171965,Berlin
668,Employee_668,42,Female,Engineering,38,18,139694,London
669,Employee_669,35,Female,HR,27,4,59773,Tokyo
670,Employee_670,23,Male,Sales,32,17,44239,Tokyo
671,Employee_671,32,Male,Sales,36,14,60863,New York
672,Employee_672,60,Female,Engineering,8,78,91415,London
673,Employee_673,59,Female,Product,17,13,108968,New York
674,Employee_674,55,Male,Marketing,20,7,100430,London
675,Employee_675,59,Male,Product,1,44,41515,New York
676,Employee_676,55,Male,Product,37,15,137206,San Francisco
677,Employee_677,39,Male,Engineering,39,19,185677,Berlin
678,Employee_678,51,Male,Engineering,35,63,96240,Berlin
679,Employee_679,36,Female,Engineering,36,35,45586,Tokyo
680,Employee_680,48,Female,HR,14,81,160419,San Francisco
681,Employee_681,55,Female,Product,27,35,162374,Berlin
682,Employee_682,59,Female,Sales,17,19,71186,Tokyo
683,Employee_683,54,Female,Marketing,33,20,66928,San Francisco
684,Employee_684,45,Female,HR,21,100,162990,Berlin
685,Employee_685,36,Female,Sales,10,35,127029,New York
686,Employee_686,51,Male,Product,12,32,60711,London
687,Employee_687,38,Male,Engineering,3,48,94962,San Francisco
688,Employee_688,26,Male,Product,21,44,60039,Tokyo
689,Employee_689,50,Female,Marketing,6,24,76561,San Francisco
690,Employee_690,25,Female,HR,23,61,41577,Tokyo
691,Employee_691,31,Male,HR,3,17,147792,San Francisco
692,Employee_692,38,Female,Marketing,27,71,199422,Tokyo
693,Employee_693,31,Male,Sales,14,50,50785,Berlin
694,Employee_694,38,Female,Sales,0,65,112227,New York
695,Employee_695,41,Male,HR,2,99,158680,Berlin
696,Employee_696,45,Male,HR,13,32,101957,New York
697,Employee_697,26,Female,Engineering,37,36,105431,Berlin
698,Employee_698,55,Male,Sales,0,13,188369,Berlin
699,Employee_699,27,Male,Marketing,37,70,111894,San Francisco
700,Employee_700,23,Male,Sales,37,58,190653,London
701,Employee_701,34,Female,Engineering,20,14,95192,Tokyo
702,Employee_702,32,Female,HR,28,37,41462,Tokyo
703,Employee_703,44,Male,HR,4,79,168848,Tokyo
704,Employee_704,37,Female,Engineering,9,68,186583,New York
705,Employee_705,52,Female,Marketing,27,40,116106,Tokyo
706,Employee_706,32,Male,HR,20,59,88665,Tokyo
707,Employee_707,37,Male,Product,6,80,121010,San Francisco
708,Employee_708,29,Male,HR,2,92,112573,Berlin
709,Employee_709,25,Male,Product,19,16,147803,Tokyo
710,Employee_710,25,Female,Engineering,18,62,159682,London
711,Employee_711,46,Male,Engineering,34,4,53386,Tokyo
712,Employee_712,24,Female,HR,3,45,164069,New York
713,Employee_713,53,Female,Sales,4,90,94460,New York
714,Employee_714,24,Male,Product,0,28,177293,New York
715,Employee_715,48,Female,Marketing,3,96,194546,Tokyo
716,Employee_716,50,Male,HR,11,66,155375,San Francisco
717,Employee_717,53,Non-Binary,Marketing,26,31,152660,London
718,Employee_718,40,Female,HR,22,3,192117,Tokyo
719,Employee_719,42,Female,Sales,24,8,131319,San Francisco
720,Employee_720,26,Female,Sales,20,24,156582,San Francisco
721,Employee_721,39,Male,Sales,23,15,175994,Tokyo
722,Employee_722,49,Female,Sales,24,43,193778,Tokyo
723,Employee_723,43,Female,Engineering,31,31,82771,San Francisco
724,Employee_724,42,Female,Engineering,31,73,92335,San Francisco
725,Employee_725,27,Female,Product,4,45,92949,San Francisco
726,Employee_726,22,Female,Marketing,35,66,135558,Tokyo
727,Employee_727,26,Male,HR,38,8,186312,San Francisco
728,Employee_728,33,Male,HR,15,71,142272,New York
729,Employee_729,47,Female,Engineering,32,57,42716,Tokyo
730,Employee_730,55,Male,HR,20,80,187646,New York
731,Employee_731,35,Female,Engineering,8,99,191285,Berlin
732,Employee_732,47,Female,Product,5,30,111916,Tokyo
733,Employee_733,48,Male,Marketing,34,74,90906,Berlin
734,Employee_734,30,Male,Product,38,18,40463,San Francisco
735,Employee_735,47,Female,Sales,21,69,114694,San Francisco
736,Employee_736,43,Male,Sales,40,93,191723,London
737,Employee_737,51,Female,Sales,4,39,108694,San Francisco
738,Employee_738,38,Male,Product,22,60,60008,Berlin
739,Employee_739,47,Female,HR,16,98,110474,San Francisco
740,Employee_740,57,Male,Marketing,11,43,78185,Tokyo
741,Employee_741,22,Female,Sales,22,45,127924,San Francisco
742,Employee_742,29,Male,Sales,15,23,74980,London
743,Employee_743,56,Female,Sales,2,69,62504,San Francisco
744,Employee_744,36,Male,Marketing,29,94,94970,Berlin
745,Employee_745,43,Female,Sales,21,6,56766,Berlin
746,Employee_746,35,Female,Marketing,8,56,156944,San Francisco
747,Employee_747,47,Male,Sales,28,4,133922,Berlin
748,Employee_748,49,Male,Product,36,93,182767,Berlin
749,Employee_749,44,Male,Product,22,23,188868,London
750,Employee_750,35,Female,Marketing,12,6,185631,Tokyo
751,Employee_751,45,Female,Product,31,32,160494,London
752,Employee_752,23,Female,Marketing,22,18,48802,New York
753,Employee_753,47,Male,Product,16,15,74159,London
754,Employee_754,35,Male,Product,39,40,51516,San Francisco
755,Employee_755,28,Female,Marketing,20,96,90492,Tokyo
756,Employee_756,24,Female,HR,1,73,69086,San Francisco
757,Employee_757,44,Non-Binary,Product,36,74,153758,New York
758,Employee_758,39,Male,Sales,5,84,70480,Tokyo
759,Employee_759,59,Female,HR,17,6,168023,Berlin
760,Employee_760,56,Male,Marketing,29,63,150195,London
761,Employee_761,36,Male,HR,21,67,78737,San Francisco
762,Employee_762,46,Female,Engineering,32,11,49265,New York
763,Employee_763,58,Female,Engineering,29,43,154165,Berlin
764,Employee_764,49,Non-Binary,Product,16,17,159501,London
765,Employee_765,31,Male,Product,31,96,110990,Berlin
766,Employee_766,60,Male,Sales,13,4,55386,London
767,Employee_767,38,Female,HR,9,63,144718,Tokyo
768,Employee_768,60,Female,Engineering,35,68,77425,Berlin
769,Employee_769,43,Male,Product,33,81,161635,Berlin
770,Employee_770,47,Male,HR,8,41,93634,Berlin
771,Employee_771,46,Male,Product,27,83,126988,Tokyo
772,Employee_772,38,Female,Product,10,5,146337,New York
773,Employee_773,34,Male,Engineering,13,32,181215,London
774,Employee_774,41,Male,Engineering,38,86,186653,Berlin
775,Employee_775,46,Male,Product,18,70,107443,Tokyo
776,Employee_776,25,Male,Marketing,14,35,69424,New York
777,Employee_777,31,Male,Product,27,22,128844,London
778,Employee_778,24,Female,Product,23,65,81984,Tokyo
779,Employee_779,39,Male,Sales,7,84,81505,London
780,Employee_780,57,Female,Sales,8,22,142478,Berlin
781,Employee_781,43,Male,Sales,32,11,102699,New York
782,Employee_782,55,Female,Marketing,32,77,198029,Tokyo
783,Employee_783,29,Female,Marketing,18,3,196536,New York
784,Employee_784,40,Female,Product,2,9,154012,Berlin
785,Employee_785,58,Female,Sales,9,60,194721,New York
786,Employee_786,27,Male,Marketing,39,76,74758,New York
787,Employee_787,47,Male,Engineering,0,87,176668,San Francisco
788,Employee_788,55,Female,Product,28,14,56374,New York
789,Employee_789,27,Non-Binary,HR,33,97,158686,London
790,Employee_790,58,Female,Product,12,18,43775,Tokyo
791,Employee_791,54,Female,HR,0,73,67388,San Francisco
792,Employee_792,43,Female,Sales,33,23,163800,Tokyo
793,Employee_793,42,Male,HR,28,74,61029,Tokyo
794,Employee_794,27,Male,Sales,12,83,123981,Berlin
795,Employee_795,27,Female,Engineering,28,47,93639,Berlin
796,Employee_796,25,Female,HR,38,69,154010,San Francisco
797,Employee_797,51,Male,Product,23,47,185717,Berlin
798,Employee_798,32,Female,Sales,25,87,71105,Berlin
799,Employee_799,51,Male,Product,16,30,184740,Berlin
800,Employee_800,52,Female,Marketing,6,25,187032,Tokyo
801,Employee_801,45,Male,Sales,12,28,166519,San Francisco
802,Employee_802,30,Male,HR,4,98,182429,Tokyo
803,Employee_803,24,Female,Sales,25,25,142739,London
804,Employee_804,52,Male,Product,2,74,91796,Tokyo
805,Employee_805,58,Female,Engineering,6,78,55804,London
806,Employee_806,57,Female,Sales,38,58,167732,New York
807,Employee_807,45,Female,HR,0,94,185698,New York
808,Employee_808,52,Male,Marketing,16,41,199204,London
809,Employee_809,27,Male,Engineering,24,25,47951,London
810,Employee_810,23,Male,Marketing,2,78,177521,Tokyo
811,Employee_811,41,Non-Binary,Sales,14,99,59065,London
812,Employee_812,49,Female,Product,28,48,141503,San Francisco
813,Employee_813,32,Female,Product,31,98,145072,New York
814,Employee_814,25,Female,HR,25,10,180202,New York
815,Employee_815,36,Female,Product,15,99,129360,London
816,Employee_816,27,Female,Engineering,24,75,102287,Berlin
817,Employee_817,51,Male,Product,27,11,177126,Berlin
818,Employee_818,59,Female,HR,8,85,147357,London
819,Employee_819,23,Male,Sales,0,21,69670,San Francisco
820,Employee_820,36,Female,Sales,28,86,89112,Berlin
821,Employee_821,32,Female,Product,21,45,128388,London
822,Employee_822,29,Female,Marketing,15,7,129156,San Francisco
823,Employee_823,47,Male,Sales,40,81,199379,San Francisco
824,Employee_824,26,Male,Product,40,64,87922,Tokyo
825,Employee_825,27,Male,HR,6,64,133348,San Francisco
826,Employee_826,47,Male,Product,13,2,119335,Berlin
827,Employee_827,25,Male,Sales,28,76,66312,Berlin
828,Employee_828,40,Female,HR,18,42,106985,London
829,Employee_829,41,Female,Product,18,82,170744,London
830,Employee_830,54,Male,Engineering,1,54,140963,San Francisco
831,Employee_831,41,Male,HR,40,75,71551,New York
832,Employee_832,33,Male,Engineering,14,16,129813,Tokyo
833,Employee_833,22,Female,Marketing,2,18,141025,New York
834,Employee_834,47,Female,HR,10,99,164342,San Francisco
835,Employee_835,35,Female,Engineering,29,59,49637,San Francisco
836,Employee_836,59,Female,Sales,39,90,83258,New York
837,Employee_837,58,Non-Binary,Sales,17,16,180896,Tokyo
838,Employee_838,32,Female,Marketing,1,6,169553,New York
839,Employee_839,57,Male,HR,31,57,66950,London
840,Employee_840,34,Female,HR,7,47,194560,Berlin
841,Employee_841,24,Male,HR,21,48,167870,London
842,Employee_842,54,Female,Marketing,5,42,40215,Berlin
843,Employee_843,27,Male,HR,11,76,145603,San Francisco
844,Employee_844,31,Female,Sales,39,60,51523,Tokyo
845,Employee_845,26,Female,Engineering,35,77,108689,New York
846,Employee_846,44,Female,Sales,14,4,63834,Tokyo
847,Employee_847,31,Female,Sales,27,2,74474,New York
848,Employee_848,23,Male,Engineering,17,90,83066,London
849,Employee_849,34,Male,Sales,1,59,50400,London
850,Employee_850,23,Male,Marketing,12,27,165211,New York
851,Employee_851,41,Male,Engineering,14,27,50345,Tokyo
852,Employee_852,22,Female,Sales,19,79,73896,New York
853,Employee_853,58,Male,Product,28,72,68899,San Francisco
854,Employee_854,30,Non-Binary,Sales,28,7,68229,London
855,Employee_855,38,Female,Marketing,2,63,45583,San Francisco
856,Employee_856,30,Female,HR,18,46,175969,London
857,Employee_857,32,Male,Sales,2,63,111537,London
858,Employee_858,36,Female,HR,13,12,175639,Berlin
859,Employee_859,45,Female,Product,39,13,114807,San Francisco
860,Employee_860,59,Female,Sales,3,43,169648,San Francisco
861,Employee_861,56,Female,Engineering,10,17,152652,Berlin
862,Employee_862,51,Female,HR,30,63,184401,Tokyo
863,Employee_863,52,Male,Product,31,81,111792,San Francisco
864,Employee_864,26,Female,Engineering,26,36,171300,New York
865,Employee_865,35,Male,Engineering,29,85,77052,Berlin
866,Employee_866,32,Male,Engineering,1,8,86032,San Francisco
867,Employee_867,30,Male,Engineering,8,69,73686,Tokyo
868,Employee_868,55,Male,Sales,27,90,116981,San Francisco
869,Employee_869,33,Male,Sales,30,80,138802,London
870,Employee_870,56,Male,Sales,33,36,173881,New York
871,Employee_871,56,Non-Binary,Product,14,28,82818,Berlin
872,Employee_872,22,Female,Product,24,93,140422,London
873,Employee_873,43,Non-Binary,Product,35,47,111927,Tokyo
874,Employee_874,50,Male,Marketing,7,76,119465,London
875,Employee_875,29,Male,Product,8,30,153221,London
876,Employee_876,32,Female,Sales,36,23,77333,Tokyo
877,Employee_877,58,Male,Sales,38,16,166457,London
878,Employee_878,35,Male,Marketing,31,14,56576,Berlin
879,Employee_879,51,Female,Marketing,16,74,159875,San Francisco
880,Employee_880,56,Male,Product,34,71,79405,London
881,Employee_881,42,Female,HR,36,52,134000,Berlin
882,Employee_882,58,Female,Marketing,18,37,71601,San Francisco
883,Employee_883,26,Male,Engineering,28,29,107946,San Francisco
884,Employee_884,40,Male,Sales,6,67,92116,London
885,Employee_885,35,Female,Engineering,27,15,144186,Berlin
886,Employee_886,47,Male,Sales,8,100,102894,London
887,Employee_887,25,Male,Sales,27,47,47465,Tokyo
888,Employee_888,46,Non-Binary,Marketing,5,46,96754,San Francisco
889,Employee_889,46,Male,Marketing,28,52,132850,London
890,Employee_890,39,Female,Engineering,16,19,149765,San Francisco
891,Employee_891,29,Non-Binary,Sales,15,77,132691,Berlin
892,Employee_892,60,Male,Engineering,22,21,78871,New York
893,Employee_893,35,Male,HR,30,64,69511,London
894,Employee_894,53,Male,Engineering,2,37,120960,London
895,Employee_895,59,Male,Product,20,27,105776,San Francisco
896,Employee_896,54,Male,Engineering,25,55,84462,Berlin
897,Employee_897,44,Female,Product,35,29,72574,Tokyo
898,Employee_898,36,Male,Product,36,20,142072,Berlin
899,Employee_899,54,Female,Product,21,25,196258,London
900,Employee_900,46,Non-Binary,HR,11,70,193885,Tokyo
901,Employee_901,38,Female,Engineering,12,63,118282,Berlin
902,Employee_902,54,Female,Engineering,10,36,149779,New York
903,Employee_903,23,Male,HR,15,2,58557,San Francisco
904,Employee_904,35,Female,Sales,7,22,199132,Berlin
905,Employee_905,60,Female,Marketing,39,96,112104,Berlin
906,Employee_906,27,Male,Engineering,39,16,177152,New York
907,Employee_907,27,Male,Marketing,1,18,184926,London
908,Employee_908,24,Female,HR,29,69,162013,San Francisco
909,Employee_909,28,Male,Sales,29,54,198097,Berlin
910,Employee_910,29,Male,Sales,11,100,81081,Tokyo
911,Employee_911,36,Male,Sales,9,30,175440,Berlin
912,Employee_912,50,Male,HR,10,45,159181,San Francisco
913,Employee_913,54,Female,Product,14,19,67094,Berlin
914,Employee_914,51,Female,Product,15,87,106766,New York
915,Employee_915,60,Female,Marketing,16,34,123053,Berlin
916,Employee_916,48,Male,Product,25,13,195063,Berlin
917,Employee_917,57,Male,Product,1,43,41301,Tokyo
918,Employee_918,50,Female,Sales,11,62,199682,New York
919,Employee_919,59,Male,Sales,25,93,121463,New York
920,Employee_920,54,Male,Marketing,22,100,64466,Berlin
921,Employee_921,58,Female,Engineering,17,22,66081,Tokyo
922,Employee_922,48,Male,Marketing,31,52,64354,Berlin
923,Employee_923,54,Female,Marketing,37,52,133297,Berlin
924,Employee_924,25,Male,HR,2,36,58300,San Francisco
925,Employee_925,43,Male,HR,37,73,104384,San Francisco
926,Employee_926,23,Male,Marketing,2,19,135027,Tokyo
927,Employee_927,31,Non-Binary,Marketing,29,38,161684,London
928,Employee_928,26,Female,Marketing,0,70,100892,San Francisco
929,Employee_929,31,Female,Product,29,79,75525,London
930,Employee_930,54,Female,HR,31,57,197604,New York
931,Employee_931,59,Male,Marketing,27,20,46464,San Francisco
932,Employee_932,34,Female,Sales,20,9,56562,San Francisco
933,Employee_933,52,Male,Sales,12,32,147392,Tokyo
934,Employee_934,57,Female,Product,26,4,95514,London
935,Employee_935,45,Male,Product,35,50,153428,San Francisco
936,Employee_936,36,Female,Engineering,6,82,152564,San Francisco
937,Employee_937,50,Male,Engineering,21,5,148047,Tokyo
938,Employee_938,29,Male,Engineering,9,20,72634,Tokyo
939,Employee_939,26,Female,Product,38,87,40060,London
940,Employee_940,50,Male,Product,14,75,49269,New York
941,Employee_941,25,Male,Product,14,37,63065,New York
942,Employee_942,33,Male,Sales,3,22,42895,Berlin
943,Employee_943,23,Male,Product,31,58,120859,San Francisco
944,Employee_944,48,Female,Sales,22,68,183424,London
945,Employee_945,52,Female,Engineering,5,93,144127,San Francisco
946,Employee_946,57,Female,Engineering,23,44,136426,London
947,Employee_947,57,Female,Engineering,19,34,51962,London
948,Employee_948,47,Male,Marketing,36,77,73302,London
949,Employee_949,48,Female,Marketing,19,42,125382,San Francisco
950,Employee_950,26,Male,HR,11,9,44011,Tokyo
951,Employee_951,41,Male,HR,32,95,169716,San Francisco
952,Employee_952,32,Female,HR,27,7,59782,London
953,Employee_953,31,Male,Marketing,7,68,160654,Berlin
954,Employee_954,59,Female,Marketing,0,19,49196,New York
955,Employee_955,27,Male,HR,36,94,83459,London
956,Employee_956,29,Female,HR,21,31,127245,Berlin
957,Employee_957,44,Female,Product,5,35,118863,Tokyo
958,Employee_958,47,Female,HR,20,57,163206,London
959,Employee_959,33,Female,Product,31,85,141010,Berlin
960,Employee_960,47,Female,Sales,34,61,72769,London
961,Employee_961,34,Male,Marketing,14,31,147529,San Francisco
962,Employee_962,39,Female,HR,4,83,64700,Berlin
963,Employee_963,46,Male,Marketing,5,95,45269,San Francisco
964,Employee_964,54,Female,Marketing,24,53,161631,San Francisco
965,Employee_965,33,Female,Marketing,39,32,83880,Berlin
966,Employee_966,57,Female,Sales,28,66,154003,New York
967,Employee_967,25,Male,Engineering,6,59,179392,Berlin
968,Employee_968,26,Male,HR,39,10,89589,New York
969,Employee_969,58,Female,Engineering,12,2,75897,London
970,Employee_970,29,Male,Engineering,37,66,54380,London
971,Employee_971,49,Male,Engineering,17,60,110934,Berlin
972,Employee_972,52,Male,Marketing,1,88,95830,London
973,Employee_973,30,Female,Product,7,17,45529,Tokyo
974,Employee_974,50,Female,Marketing,10,96,134598,San Francisco
975,Employee_975,35,Male,Marketing,32,16,122987,San Francisco
976,Employee_976,43,Male,Engineering,37,16,89178,New York
977,Employee_977,32,Male,Marketing,26,46,178009,London
978,Employee_978,44,Female,Engineering,19,39,161952,New York
979,Employee_979,22,Female,Product,11,31,79886,San Francisco
980,Employee_980,58,Male,HR,30,88,89699,San Francisco
981,Employee_981,42,Male,Engineering,26,1,116396,London
982,Employee_982,47,Male,Product,31,11,130678,Tokyo
983,Employee_983,57,Female,HR,9,85,65279,Tokyo
984,Employee_984,44,Female,Sales,2,4,150776,London
985,Employee_985,22,Male,Engineering,26,71,141444,London
986,Employee_986,36,Male,Engineering,34,26,146300,New York
987,Employee_987,42,Male,Sales,30,50,153793,London
988,Employee_988,30,Non-Binary,Sales,14,12,156278,Tokyo
989,Employee_989,30,Male,Engineering,15,95,143247,London
990,Employee_990,31,Female,Sales,12,81,48997,New York
991,Employee_991,47,Female,Marketing,34,97,146102,New York
992,Employee_992,56,Male,HR,10,75,125711,New York
993,Employee_993,46,Male,HR,20,92,156045,New York
994,Employee_994,47,Male,HR,10,96,80860,Berlin
995,Employee_995,32,Female,Marketing,29,65,43225,London
996,Employee_996,59,Female,Sales,34,47,150114,San Francisco
997,Employee_997,23,Female,Product,21,92,153218,London
998,Employee_998,28,Female,Sales,37,53,140764,Berlin
999,Employee_999,39,Male,Engineering,30,71,147041,New York
1000,Employee_1000,48,Non-Binary,HR,13,2,152224,Berlin
